Date:  21:52, Saturday, February 08, 2020
Model name:Cantilever
Study name:Static 1(-Default-)
Plot type: Static displacement Displacement1
Result Type: URES 


Node  ,Value (mm)  ,X (mm)  ,Y (mm)  ,Z (mm)
13  ,1.421e-01   ,2.8098E-16  ,6  ,0
14  ,1.303e-01   ,2.8098E-16  ,6  ,1.5385
15  ,1.242e-01   ,2.8098E-16  ,6  ,3.0769
16  ,1.224e-01   ,2.8098E-16  ,6  ,4.6154
17  ,1.221e-01   ,2.8098E-16  ,6  ,6.1538
18  ,1.216e-01   ,2.8098E-16  ,6  ,7.6923
19  ,1.210e-01   ,2.8098E-16  ,6  ,9.2308
20  ,1.209e-01   ,2.8098E-16  ,6  ,10.769
21  ,1.213e-01   ,2.8098E-16  ,6  ,12.308
22  ,1.216e-01   ,2.8098E-16  ,6  ,13.846
23  ,1.222e-01   ,2.8098E-16  ,6  ,15.385
24  ,1.235e-01   ,2.8098E-16  ,6  ,16.923
25  ,1.298e-01   ,2.8098E-16  ,6  ,18.462
26  ,1.437e-01   ,2.8098E-16  ,6  ,20
172  ,2.149e-01   ,-1.5556  ,6  ,0
173  ,2.763e-01   ,-3.1111  ,6  ,0
174  ,3.471e-01   ,-4.6667  ,6  ,0
175  ,4.287e-01   ,-6.2222  ,6  ,0
176  ,5.216e-01   ,-7.7778  ,6  ,0
177  ,6.258e-01   ,-9.3333  ,6  ,0
178  ,7.410e-01   ,-10.889  ,6  ,0
179  ,8.672e-01   ,-12.444  ,6  ,0
180  ,1.004e+00   ,-14  ,6  ,0
181  ,1.151e+00   ,-15.556  ,6  ,0
182  ,1.308e+00   ,-17.111  ,6  ,0
183  ,1.475e+00   ,-18.667  ,6  ,0
184  ,1.651e+00   ,-20.222  ,6  ,0
185  ,1.836e+00   ,-21.778  ,6  ,0
186  ,2.030e+00   ,-23.333  ,6  ,0
187  ,2.233e+00   ,-24.889  ,6  ,0
188  ,2.444e+00   ,-26.444  ,6  ,0
189  ,2.663e+00   ,-28  ,6  ,0
190  ,2.890e+00   ,-29.556  ,6  ,0
191  ,3.124e+00   ,-31.111  ,6  ,0
192  ,3.365e+00   ,-32.667  ,6  ,0
193  ,3.613e+00   ,-34.222  ,6  ,0
194  ,3.868e+00   ,-35.778  ,6  ,0
195  ,4.129e+00   ,-37.333  ,6  ,0
196  ,4.396e+00   ,-38.889  ,6  ,0
197  ,4.668e+00   ,-40.444  ,6  ,0
198  ,4.946e+00   ,-42  ,6  ,0
199  ,5.230e+00   ,-43.556  ,6  ,0
200  ,5.518e+00   ,-45.111  ,6  ,0
201  ,5.811e+00   ,-46.667  ,6  ,0
202  ,6.108e+00   ,-48.222  ,6  ,0
203  ,6.409e+00   ,-49.778  ,6  ,0
204  ,6.713e+00   ,-51.333  ,6  ,0
205  ,7.022e+00   ,-52.889  ,6  ,0
206  ,7.333e+00   ,-54.444  ,6  ,0
207  ,7.647e+00   ,-56  ,6  ,0
208  ,7.964e+00   ,-57.556  ,6  ,0
209  ,8.283e+00   ,-59.111  ,6  ,0
210  ,8.604e+00   ,-60.667  ,6  ,0
211  ,8.927e+00   ,-62.222  ,6  ,0
212  ,9.251e+00   ,-63.778  ,6  ,0
213  ,9.578e+00   ,-65.333  ,6  ,0
214  ,9.907e+00   ,-66.889  ,6  ,0
215  ,1.025e+01   ,-68.444  ,6  ,0
216  ,1.067e+01   ,-70  ,6  ,0
217  ,1.064e+01   ,-70  ,6  ,1.5385
218  ,1.064e+01   ,-70  ,6  ,3.0769
219  ,1.064e+01   ,-70  ,6  ,4.6154
220  ,1.064e+01   ,-70  ,6  ,6.1538
221  ,1.064e+01   ,-70  ,6  ,7.6923
222  ,1.064e+01   ,-70  ,6  ,9.2308
223  ,1.064e+01   ,-70  ,6  ,10.769
224  ,1.064e+01   ,-70  ,6  ,12.308
225  ,1.064e+01   ,-70  ,6  ,13.846
226  ,1.064e+01   ,-70  ,6  ,15.385
227  ,1.064e+01   ,-70  ,6  ,16.923
228  ,1.064e+01   ,-70  ,6  ,18.462
229  ,1.066e+01   ,-70  ,6  ,20
230  ,1.025e+01   ,-68.444  ,6  ,20
231  ,9.907e+00   ,-66.889  ,6  ,20
232  ,9.577e+00   ,-65.333  ,6  ,20
233  ,9.251e+00   ,-63.778  ,6  ,20
234  ,8.927e+00   ,-62.222  ,6  ,20
235  ,8.604e+00   ,-60.667  ,6  ,20
236  ,8.283e+00   ,-59.111  ,6  ,20
237  ,7.964e+00   ,-57.556  ,6  ,20
238  ,7.647e+00   ,-56  ,6  ,20
239  ,7.333e+00   ,-54.444  ,6  ,20
240  ,7.021e+00   ,-52.889  ,6  ,20
241  ,6.713e+00   ,-51.333  ,6  ,20
242  ,6.408e+00   ,-49.778  ,6  ,20
243  ,6.107e+00   ,-48.222  ,6  ,20
244  ,5.810e+00   ,-46.667  ,6  ,20
245  ,5.517e+00   ,-45.111  ,6  ,20
246  ,5.229e+00   ,-43.556  ,6  ,20
247  ,4.946e+00   ,-42  ,6  ,20
248  ,4.668e+00   ,-40.444  ,6  ,20
249  ,4.395e+00   ,-38.889  ,6  ,20
250  ,4.128e+00   ,-37.333  ,6  ,20
251  ,3.867e+00   ,-35.778  ,6  ,20
252  ,3.613e+00   ,-34.222  ,6  ,20
253  ,3.365e+00   ,-32.667  ,6  ,20
254  ,3.123e+00   ,-31.111  ,6  ,20
255  ,2.889e+00   ,-29.556  ,6  ,20
256  ,2.663e+00   ,-28  ,6  ,20
257  ,2.444e+00   ,-26.444  ,6  ,20
258  ,2.233e+00   ,-24.889  ,6  ,20
259  ,2.030e+00   ,-23.333  ,6  ,20
260  ,1.836e+00   ,-21.778  ,6  ,20
261  ,1.651e+00   ,-20.222  ,6  ,20
262  ,1.474e+00   ,-18.667  ,6  ,20
263  ,1.308e+00   ,-17.111  ,6  ,20
264  ,1.151e+00   ,-15.556  ,6  ,20
265  ,1.004e+00   ,-14  ,6  ,20
266  ,8.671e-01   ,-12.444  ,6  ,20
267  ,7.410e-01   ,-10.889  ,6  ,20
268  ,6.257e-01   ,-9.3333  ,6  ,20
269  ,5.216e-01   ,-7.7778  ,6  ,20
270  ,4.287e-01   ,-6.2222  ,6  ,20
271  ,3.471e-01   ,-4.6667  ,6  ,20
272  ,2.764e-01   ,-3.1111  ,6  ,20
273  ,2.151e-01   ,-1.5556  ,6  ,20
274  ,3.752e+00   ,-35  ,6  ,1.5385
275  ,3.761e+00   ,-35  ,6  ,3.0769
276  ,3.769e+00   ,-35  ,6  ,4.6154
277  ,3.775e+00   ,-35  ,6  ,6.1538
278  ,3.778e+00   ,-35  ,6  ,7.6923
279  ,3.780e+00   ,-35  ,6  ,9.2308
280  ,3.780e+00   ,-35  ,6  ,10.769
281  ,3.778e+00   ,-35  ,6  ,12.308
282  ,3.774e+00   ,-35  ,6  ,13.846
283  ,3.769e+00   ,-35  ,6  ,15.385
284  ,3.761e+00   ,-35  ,6  ,16.923
285  ,3.751e+00   ,-35  ,6  ,18.462
286  ,3.501e+00   ,-33.444  ,6  ,1.5385
287  ,3.511e+00   ,-33.444  ,6  ,3.0769
288  ,3.519e+00   ,-33.444  ,6  ,4.6154
289  ,3.524e+00   ,-33.444  ,6  ,6.1538
290  ,3.528e+00   ,-33.444  ,6  ,7.6923
291  ,3.530e+00   ,-33.444  ,6  ,9.2308
292  ,3.530e+00   ,-33.444  ,6  ,10.769
293  ,3.528e+00   ,-33.444  ,6  ,12.308
294  ,3.524e+00   ,-33.444  ,6  ,13.846
295  ,3.518e+00   ,-33.444  ,6  ,15.385
296  ,3.510e+00   ,-33.444  ,6  ,16.923
297  ,3.500e+00   ,-33.444  ,6  ,18.462
298  ,3.256e+00   ,-31.889  ,6  ,1.5385
299  ,3.267e+00   ,-31.889  ,6  ,3.0769
300  ,3.275e+00   ,-31.889  ,6  ,4.6154
301  ,3.281e+00   ,-31.889  ,6  ,6.1538
302  ,3.285e+00   ,-31.889  ,6  ,7.6923
303  ,3.287e+00   ,-31.889  ,6  ,9.2308
304  ,3.287e+00   ,-31.889  ,6  ,10.769
305  ,3.285e+00   ,-31.889  ,6  ,12.308
306  ,3.281e+00   ,-31.889  ,6  ,13.846
307  ,3.275e+00   ,-31.889  ,6  ,15.385
308  ,3.267e+00   ,-31.889  ,6  ,16.923
309  ,3.256e+00   ,-31.889  ,6  ,18.462
310  ,3.019e+00   ,-30.333  ,6  ,1.5385
311  ,3.030e+00   ,-30.333  ,6  ,3.0769
312  ,3.038e+00   ,-30.333  ,6  ,4.6154
313  ,3.045e+00   ,-30.333  ,6  ,6.1538
314  ,3.049e+00   ,-30.333  ,6  ,7.6923
315  ,3.051e+00   ,-30.333  ,6  ,9.2308
316  ,3.051e+00   ,-30.333  ,6  ,10.769
317  ,3.049e+00   ,-30.333  ,6  ,12.308
318  ,3.044e+00   ,-30.333  ,6  ,13.846
319  ,3.038e+00   ,-30.333  ,6  ,15.385
320  ,3.030e+00   ,-30.333  ,6  ,16.923
321  ,3.019e+00   ,-30.333  ,6  ,18.462
322  ,2.789e+00   ,-28.778  ,6  ,1.5385
323  ,2.800e+00   ,-28.778  ,6  ,3.0769
324  ,2.809e+00   ,-28.778  ,6  ,4.6154
325  ,2.815e+00   ,-28.778  ,6  ,6.1538
326  ,2.820e+00   ,-28.778  ,6  ,7.6923
327  ,2.822e+00   ,-28.778  ,6  ,9.2308
328  ,2.822e+00   ,-28.778  ,6  ,10.769
329  ,2.819e+00   ,-28.778  ,6  ,12.308
330  ,2.815e+00   ,-28.778  ,6  ,13.846
331  ,2.809e+00   ,-28.778  ,6  ,15.385
332  ,2.800e+00   ,-28.778  ,6  ,16.923
333  ,2.789e+00   ,-28.778  ,6  ,18.462
334  ,2.566e+00   ,-27.222  ,6  ,1.5385
335  ,2.578e+00   ,-27.222  ,6  ,3.0769
336  ,2.587e+00   ,-27.222  ,6  ,4.6154
337  ,2.593e+00   ,-27.222  ,6  ,6.1538
338  ,2.598e+00   ,-27.222  ,6  ,7.6923
339  ,2.600e+00   ,-27.222  ,6  ,9.2308
340  ,2.600e+00   ,-27.222  ,6  ,10.769
341  ,2.598e+00   ,-27.222  ,6  ,12.308
342  ,2.593e+00   ,-27.222  ,6  ,13.846
343  ,2.587e+00   ,-27.222  ,6  ,15.385
344  ,2.578e+00   ,-27.222  ,6  ,16.923
345  ,2.566e+00   ,-27.222  ,6  ,18.462
346  ,2.352e+00   ,-25.667  ,6  ,1.5385
347  ,2.363e+00   ,-25.667  ,6  ,3.0769
348  ,2.373e+00   ,-25.667  ,6  ,4.6154
349  ,2.379e+00   ,-25.667  ,6  ,6.1538
350  ,2.384e+00   ,-25.667  ,6  ,7.6923
351  ,2.386e+00   ,-25.667  ,6  ,9.2308
352  ,2.386e+00   ,-25.667  ,6  ,10.769
353  ,2.384e+00   ,-25.667  ,6  ,12.308
354  ,2.379e+00   ,-25.667  ,6  ,13.846
355  ,2.373e+00   ,-25.667  ,6  ,15.385
356  ,2.363e+00   ,-25.667  ,6  ,16.923
357  ,2.352e+00   ,-25.667  ,6  ,18.462
358  ,2.145e+00   ,-24.111  ,6  ,1.5385
359  ,2.157e+00   ,-24.111  ,6  ,3.0769
360  ,2.167e+00   ,-24.111  ,6  ,4.6154
361  ,2.174e+00   ,-24.111  ,6  ,6.1538
362  ,2.178e+00   ,-24.111  ,6  ,7.6923
363  ,2.180e+00   ,-24.111  ,6  ,9.2308
364  ,2.180e+00   ,-24.111  ,6  ,10.769
365  ,2.178e+00   ,-24.111  ,6  ,12.308
366  ,2.173e+00   ,-24.111  ,6  ,13.846
367  ,2.166e+00   ,-24.111  ,6  ,15.385
368  ,2.157e+00   ,-24.111  ,6  ,16.923
369  ,2.145e+00   ,-24.111  ,6  ,18.462
370  ,1.947e+00   ,-22.556  ,6  ,1.5385
371  ,1.959e+00   ,-22.556  ,6  ,3.0769
372  ,1.969e+00   ,-22.556  ,6  ,4.6154
373  ,1.976e+00   ,-22.556  ,6  ,6.1538
374  ,1.981e+00   ,-22.556  ,6  ,7.6923
375  ,1.983e+00   ,-22.556  ,6  ,9.2308
376  ,1.983e+00   ,-22.556  ,6  ,10.769
377  ,1.981e+00   ,-22.556  ,6  ,12.308
378  ,1.976e+00   ,-22.556  ,6  ,13.846
379  ,1.969e+00   ,-22.556  ,6  ,15.385
380  ,1.959e+00   ,-22.556  ,6  ,16.923
381  ,1.947e+00   ,-22.556  ,6  ,18.462
382  ,1.757e+00   ,-21  ,6  ,1.5385
383  ,1.770e+00   ,-21  ,6  ,3.0769
384  ,1.780e+00   ,-21  ,6  ,4.6154
385  ,1.787e+00   ,-21  ,6  ,6.1538
386  ,1.791e+00   ,-21  ,6  ,7.6923
387  ,1.794e+00   ,-21  ,6  ,9.2308
388  ,1.794e+00   ,-21  ,6  ,10.769
389  ,1.791e+00   ,-21  ,6  ,12.308
390  ,1.787e+00   ,-21  ,6  ,13.846
391  ,1.779e+00   ,-21  ,6  ,15.385
392  ,1.770e+00   ,-21  ,6  ,16.923
393  ,1.757e+00   ,-21  ,6  ,18.462
394  ,1.577e+00   ,-19.444  ,6  ,1.5385
395  ,1.589e+00   ,-19.444  ,6  ,3.0769
396  ,1.599e+00   ,-19.444  ,6  ,4.6154
397  ,1.606e+00   ,-19.444  ,6  ,6.1538
398  ,1.611e+00   ,-19.444  ,6  ,7.6923
399  ,1.614e+00   ,-19.444  ,6  ,9.2308
400  ,1.614e+00   ,-19.444  ,6  ,10.769
401  ,1.611e+00   ,-19.444  ,6  ,12.308
402  ,1.606e+00   ,-19.444  ,6  ,13.846
403  ,1.599e+00   ,-19.444  ,6  ,15.385
404  ,1.589e+00   ,-19.444  ,6  ,16.923
405  ,1.577e+00   ,-19.444  ,6  ,18.462
406  ,1.405e+00   ,-17.889  ,6  ,1.5385
407  ,1.418e+00   ,-17.889  ,6  ,3.0769
408  ,1.428e+00   ,-17.889  ,6  ,4.6154
409  ,1.435e+00   ,-17.889  ,6  ,6.1538
410  ,1.440e+00   ,-17.889  ,6  ,7.6923
411  ,1.442e+00   ,-17.889  ,6  ,9.2308
412  ,1.442e+00   ,-17.889  ,6  ,10.769
413  ,1.440e+00   ,-17.889  ,6  ,12.308
414  ,1.435e+00   ,-17.889  ,6  ,13.846
415  ,1.428e+00   ,-17.889  ,6  ,15.385
416  ,1.418e+00   ,-17.889  ,6  ,16.923
417  ,1.405e+00   ,-17.889  ,6  ,18.462
418  ,1.244e+00   ,-16.333  ,6  ,1.5385
419  ,1.256e+00   ,-16.333  ,6  ,3.0769
420  ,1.266e+00   ,-16.333  ,6  ,4.6154
421  ,1.273e+00   ,-16.333  ,6  ,6.1538
422  ,1.278e+00   ,-16.333  ,6  ,7.6923
423  ,1.280e+00   ,-16.333  ,6  ,9.2308
424  ,1.280e+00   ,-16.333  ,6  ,10.769
425  ,1.278e+00   ,-16.333  ,6  ,12.308
426  ,1.273e+00   ,-16.333  ,6  ,13.846
427  ,1.266e+00   ,-16.333  ,6  ,15.385
428  ,1.256e+00   ,-16.333  ,6  ,16.923
429  ,1.243e+00   ,-16.333  ,6  ,18.462
430  ,1.091e+00   ,-14.778  ,6  ,1.5385
431  ,1.104e+00   ,-14.778  ,6  ,3.0769
432  ,1.113e+00   ,-14.778  ,6  ,4.6154
433  ,1.121e+00   ,-14.778  ,6  ,6.1538
434  ,1.125e+00   ,-14.778  ,6  ,7.6923
435  ,1.128e+00   ,-14.778  ,6  ,9.2308
436  ,1.128e+00   ,-14.778  ,6  ,10.769
437  ,1.125e+00   ,-14.778  ,6  ,12.308
438  ,1.121e+00   ,-14.778  ,6  ,13.846
439  ,1.113e+00   ,-14.778  ,6  ,15.385
440  ,1.104e+00   ,-14.778  ,6  ,16.923
441  ,1.091e+00   ,-14.778  ,6  ,18.462
442  ,9.491e-01   ,-13.222  ,6  ,1.5385
443  ,9.612e-01   ,-13.222  ,6  ,3.0769
444  ,9.707e-01   ,-13.222  ,6  ,4.6154
445  ,9.777e-01   ,-13.222  ,6  ,6.1538
446  ,9.824e-01   ,-13.222  ,6  ,7.6923
447  ,9.847e-01   ,-13.222  ,6  ,9.2308
448  ,9.847e-01   ,-13.222  ,6  ,10.769
449  ,9.823e-01   ,-13.222  ,6  ,12.308
450  ,9.777e-01   ,-13.222  ,6  ,13.846
451  ,9.706e-01   ,-13.222  ,6  ,15.385
452  ,9.611e-01   ,-13.222  ,6  ,16.923
453  ,9.490e-01   ,-13.222  ,6  ,18.462
454  ,8.171e-01   ,-11.667  ,6  ,1.5385
455  ,8.287e-01   ,-11.667  ,6  ,3.0769
456  ,8.378e-01   ,-11.667  ,6  ,4.6154
457  ,8.446e-01   ,-11.667  ,6  ,6.1538
458  ,8.491e-01   ,-11.667  ,6  ,7.6923
459  ,8.513e-01   ,-11.667  ,6  ,9.2308
460  ,8.513e-01   ,-11.667  ,6  ,10.769
461  ,8.491e-01   ,-11.667  ,6  ,12.308
462  ,8.446e-01   ,-11.667  ,6  ,13.846
463  ,8.378e-01   ,-11.667  ,6  ,15.385
464  ,8.286e-01   ,-11.667  ,6  ,16.923
465  ,8.170e-01   ,-11.667  ,6  ,18.462
466  ,6.954e-01   ,-10.111  ,6  ,1.5385
467  ,7.064e-01   ,-10.111  ,6  ,3.0769
468  ,7.150e-01   ,-10.111  ,6  ,4.6154
469  ,7.214e-01   ,-10.111  ,6  ,6.1538
470  ,7.256e-01   ,-10.111  ,6  ,7.6923
471  ,7.277e-01   ,-10.111  ,6  ,9.2308
472  ,7.277e-01   ,-10.111  ,6  ,10.769
473  ,7.256e-01   ,-10.111  ,6  ,12.308
474  ,7.213e-01   ,-10.111  ,6  ,13.846
475  ,7.149e-01   ,-10.111  ,6  ,15.385
476  ,7.063e-01   ,-10.111  ,6  ,16.923
477  ,6.954e-01   ,-10.111  ,6  ,18.462
478  ,5.844e-01   ,-8.5556  ,6  ,1.5385
479  ,5.943e-01   ,-8.5556  ,6  ,3.0769
480  ,6.022e-01   ,-8.5556  ,6  ,4.6154
481  ,6.080e-01   ,-8.5556  ,6  ,6.1538
482  ,6.119e-01   ,-8.5556  ,6  ,7.6923
483  ,6.138e-01   ,-8.5556  ,6  ,9.2308
484  ,6.138e-01   ,-8.5556  ,6  ,10.769
485  ,6.118e-01   ,-8.5556  ,6  ,12.308
486  ,6.080e-01   ,-8.5556  ,6  ,13.846
487  ,6.021e-01   ,-8.5556  ,6  ,15.385
488  ,5.943e-01   ,-8.5556  ,6  ,16.923
489  ,5.844e-01   ,-8.5556  ,6  ,18.462
490  ,4.840e-01   ,-7  ,6  ,1.5385
491  ,4.925e-01   ,-7  ,6  ,3.0769
492  ,4.993e-01   ,-7  ,6  ,4.6154
493  ,5.044e-01   ,-7  ,6  ,6.1538
494  ,5.078e-01   ,-7  ,6  ,7.6923
495  ,5.095e-01   ,-7  ,6  ,9.2308
496  ,5.095e-01   ,-7  ,6  ,10.769
497  ,5.078e-01   ,-7  ,6  ,12.308
498  ,5.044e-01   ,-7  ,6  ,13.846
499  ,4.993e-01   ,-7  ,6  ,15.385
500  ,4.925e-01   ,-7  ,6  ,16.923
501  ,4.840e-01   ,-7  ,6  ,18.462
502  ,3.941e-01   ,-5.4444  ,6  ,1.5385
503  ,4.007e-01   ,-5.4444  ,6  ,3.0769
504  ,4.061e-01   ,-5.4444  ,6  ,4.6154
505  ,4.103e-01   ,-5.4444  ,6  ,6.1538
506  ,4.132e-01   ,-5.4444  ,6  ,7.6923
507  ,4.146e-01   ,-5.4444  ,6  ,9.2308
508  ,4.146e-01   ,-5.4444  ,6  ,10.769
509  ,4.132e-01   ,-5.4444  ,6  ,12.308
510  ,4.103e-01   ,-5.4444  ,6  ,13.846
511  ,4.062e-01   ,-5.4444  ,6  ,15.385
512  ,4.007e-01   ,-5.4444  ,6  ,16.923
513  ,3.942e-01   ,-5.4444  ,6  ,18.462
514  ,3.144e-01   ,-3.8889  ,6  ,1.5385
515  ,3.184e-01   ,-3.8889  ,6  ,3.0769
516  ,3.221e-01   ,-3.8889  ,6  ,4.6154
517  ,3.252e-01   ,-3.8889  ,6  ,6.1538
518  ,3.277e-01   ,-3.8889  ,6  ,7.6923
519  ,3.286e-01   ,-3.8889  ,6  ,9.2308
520  ,3.286e-01   ,-3.8889  ,6  ,10.769
521  ,3.275e-01   ,-3.8889  ,6  ,12.308
522  ,3.252e-01   ,-3.8889  ,6  ,13.846
523  ,3.221e-01   ,-3.8889  ,6  ,15.385
524  ,3.185e-01   ,-3.8889  ,6  ,16.923
525  ,3.145e-01   ,-3.8889  ,6  ,18.462
526  ,2.427e-01   ,-2.3333  ,6  ,1.5385
527  ,2.438e-01   ,-2.3333  ,6  ,3.0769
528  ,2.455e-01   ,-2.3333  ,6  ,4.6154
529  ,2.473e-01   ,-2.3333  ,6  ,6.1538
530  ,2.488e-01   ,-2.3333  ,6  ,7.6923
531  ,2.492e-01   ,-2.3333  ,6  ,9.2308
532  ,2.492e-01   ,-2.3333  ,6  ,10.769
533  ,2.487e-01   ,-2.3333  ,6  ,12.308
534  ,2.471e-01   ,-2.3333  ,6  ,13.846
535  ,2.456e-01   ,-2.3333  ,6  ,15.385
536  ,2.441e-01   ,-2.3333  ,6  ,16.923
537  ,2.433e-01   ,-2.3333  ,6  ,18.462
538  ,4.009e+00   ,-36.556  ,6  ,1.5385
539  ,4.018e+00   ,-36.556  ,6  ,3.0769
540  ,4.026e+00   ,-36.556  ,6  ,4.6154
541  ,4.031e+00   ,-36.556  ,6  ,6.1538
542  ,4.035e+00   ,-36.556  ,6  ,7.6923
543  ,4.036e+00   ,-36.556  ,6  ,9.2308
544  ,4.036e+00   ,-36.556  ,6  ,10.769
545  ,4.035e+00   ,-36.556  ,6  ,12.308
546  ,4.031e+00   ,-36.556  ,6  ,13.846
547  ,4.025e+00   ,-36.556  ,6  ,15.385
548  ,4.018e+00   ,-36.556  ,6  ,16.923
549  ,4.009e+00   ,-36.556  ,6  ,18.462
550  ,4.272e+00   ,-38.111  ,6  ,1.5385
551  ,4.281e+00   ,-38.111  ,6  ,3.0769
552  ,4.288e+00   ,-38.111  ,6  ,4.6154
553  ,4.294e+00   ,-38.111  ,6  ,6.1538
554  ,4.297e+00   ,-38.111  ,6  ,7.6923
555  ,4.299e+00   ,-38.111  ,6  ,9.2308
556  ,4.299e+00   ,-38.111  ,6  ,10.769
557  ,4.297e+00   ,-38.111  ,6  ,12.308
558  ,4.294e+00   ,-38.111  ,6  ,13.846
559  ,4.288e+00   ,-38.111  ,6  ,15.385
560  ,4.281e+00   ,-38.111  ,6  ,16.923
561  ,4.272e+00   ,-38.111  ,6  ,18.462
562  ,4.542e+00   ,-39.667  ,6  ,1.5385
563  ,4.550e+00   ,-39.667  ,6  ,3.0769
564  ,4.557e+00   ,-39.667  ,6  ,4.6154
565  ,4.562e+00   ,-39.667  ,6  ,6.1538
566  ,4.565e+00   ,-39.667  ,6  ,7.6923
567  ,4.567e+00   ,-39.667  ,6  ,9.2308
568  ,4.567e+00   ,-39.667  ,6  ,10.769
569  ,4.565e+00   ,-39.667  ,6  ,12.308
570  ,4.562e+00   ,-39.667  ,6  ,13.846
571  ,4.557e+00   ,-39.667  ,6  ,15.385
572  ,4.550e+00   ,-39.667  ,6  ,16.923
573  ,4.542e+00   ,-39.667  ,6  ,18.462
574  ,4.817e+00   ,-41.222  ,6  ,1.5385
575  ,4.825e+00   ,-41.222  ,6  ,3.0769
576  ,4.831e+00   ,-41.222  ,6  ,4.6154
577  ,4.836e+00   ,-41.222  ,6  ,6.1538
578  ,4.839e+00   ,-41.222  ,6  ,7.6923
579  ,4.841e+00   ,-41.222  ,6  ,9.2308
580  ,4.841e+00   ,-41.222  ,6  ,10.769
581  ,4.839e+00   ,-41.222  ,6  ,12.308
582  ,4.836e+00   ,-41.222  ,6  ,13.846
583  ,4.831e+00   ,-41.222  ,6  ,15.385
584  ,4.825e+00   ,-41.222  ,6  ,16.923
585  ,4.817e+00   ,-41.222  ,6  ,18.462
586  ,5.097e+00   ,-42.778  ,6  ,1.5385
587  ,5.105e+00   ,-42.778  ,6  ,3.0769
588  ,5.111e+00   ,-42.778  ,6  ,4.6154
589  ,5.115e+00   ,-42.778  ,6  ,6.1538
590  ,5.118e+00   ,-42.778  ,6  ,7.6923
591  ,5.120e+00   ,-42.778  ,6  ,9.2308
592  ,5.120e+00   ,-42.778  ,6  ,10.769
593  ,5.118e+00   ,-42.778  ,6  ,12.308
594  ,5.115e+00   ,-42.778  ,6  ,13.846
595  ,5.111e+00   ,-42.778  ,6  ,15.385
596  ,5.105e+00   ,-42.778  ,6  ,16.923
597  ,5.097e+00   ,-42.778  ,6  ,18.462
598  ,5.382e+00   ,-44.333  ,6  ,1.5385
599  ,5.390e+00   ,-44.333  ,6  ,3.0769
600  ,5.395e+00   ,-44.333  ,6  ,4.6154
601  ,5.400e+00   ,-44.333  ,6  ,6.1538
602  ,5.403e+00   ,-44.333  ,6  ,7.6923
603  ,5.404e+00   ,-44.333  ,6  ,9.2308
604  ,5.404e+00   ,-44.333  ,6  ,10.769
605  ,5.402e+00   ,-44.333  ,6  ,12.308
606  ,5.400e+00   ,-44.333  ,6  ,13.846
607  ,5.395e+00   ,-44.333  ,6  ,15.385
608  ,5.389e+00   ,-44.333  ,6  ,16.923
609  ,5.382e+00   ,-44.333  ,6  ,18.462
610  ,5.672e+00   ,-45.889  ,6  ,1.5385
611  ,5.679e+00   ,-45.889  ,6  ,3.0769
612  ,5.685e+00   ,-45.889  ,6  ,4.6154
613  ,5.689e+00   ,-45.889  ,6  ,6.1538
614  ,5.691e+00   ,-45.889  ,6  ,7.6923
615  ,5.693e+00   ,-45.889  ,6  ,9.2308
616  ,5.693e+00   ,-45.889  ,6  ,10.769
617  ,5.691e+00   ,-45.889  ,6  ,12.308
618  ,5.689e+00   ,-45.889  ,6  ,13.846
619  ,5.685e+00   ,-45.889  ,6  ,15.385
620  ,5.679e+00   ,-45.889  ,6  ,16.923
621  ,5.672e+00   ,-45.889  ,6  ,18.462
622  ,5.967e+00   ,-47.444  ,6  ,1.5385
623  ,5.973e+00   ,-47.444  ,6  ,3.0769
624  ,5.978e+00   ,-47.444  ,6  ,4.6154
625  ,5.982e+00   ,-47.444  ,6  ,6.1538
626  ,5.985e+00   ,-47.444  ,6  ,7.6923
627  ,5.986e+00   ,-47.444  ,6  ,9.2308
628  ,5.986e+00   ,-47.444  ,6  ,10.769
629  ,5.985e+00   ,-47.444  ,6  ,12.308
630  ,5.982e+00   ,-47.444  ,6  ,13.846
631  ,5.978e+00   ,-47.444  ,6  ,15.385
632  ,5.973e+00   ,-47.444  ,6  ,16.923
633  ,5.966e+00   ,-47.444  ,6  ,18.462
634  ,6.265e+00   ,-49  ,6  ,1.5385
635  ,6.271e+00   ,-49  ,6  ,3.0769
636  ,6.276e+00   ,-49  ,6  ,4.6154
637  ,6.280e+00   ,-49  ,6  ,6.1538
638  ,6.282e+00   ,-49  ,6  ,7.6923
639  ,6.283e+00   ,-49  ,6  ,9.2308
640  ,6.283e+00   ,-49  ,6  ,10.769
641  ,6.282e+00   ,-49  ,6  ,12.308
642  ,6.280e+00   ,-49  ,6  ,13.846
643  ,6.276e+00   ,-49  ,6  ,15.385
644  ,6.271e+00   ,-49  ,6  ,16.923
645  ,6.265e+00   ,-49  ,6  ,18.462
646  ,6.568e+00   ,-50.556  ,6  ,1.5385
647  ,6.573e+00   ,-50.556  ,6  ,3.0769
648  ,6.578e+00   ,-50.556  ,6  ,4.6154
649  ,6.581e+00   ,-50.556  ,6  ,6.1538
650  ,6.583e+00   ,-50.556  ,6  ,7.6923
651  ,6.585e+00   ,-50.556  ,6  ,9.2308
652  ,6.585e+00   ,-50.556  ,6  ,10.769
653  ,6.583e+00   ,-50.556  ,6  ,12.308
654  ,6.581e+00   ,-50.556  ,6  ,13.846
655  ,6.578e+00   ,-50.556  ,6  ,15.385
656  ,6.573e+00   ,-50.556  ,6  ,16.923
657  ,6.567e+00   ,-50.556  ,6  ,18.462
658  ,6.874e+00   ,-52.111  ,6  ,1.5385
659  ,6.879e+00   ,-52.111  ,6  ,3.0769
660  ,6.883e+00   ,-52.111  ,6  ,4.6154
661  ,6.886e+00   ,-52.111  ,6  ,6.1538
662  ,6.888e+00   ,-52.111  ,6  ,7.6923
663  ,6.889e+00   ,-52.111  ,6  ,9.2308
664  ,6.889e+00   ,-52.111  ,6  ,10.769
665  ,6.888e+00   ,-52.111  ,6  ,12.308
666  ,6.886e+00   ,-52.111  ,6  ,13.846
667  ,6.883e+00   ,-52.111  ,6  ,15.385
668  ,6.879e+00   ,-52.111  ,6  ,16.923
669  ,6.873e+00   ,-52.111  ,6  ,18.462
670  ,7.183e+00   ,-53.667  ,6  ,1.5385
671  ,7.188e+00   ,-53.667  ,6  ,3.0769
672  ,7.192e+00   ,-53.667  ,6  ,4.6154
673  ,7.195e+00   ,-53.667  ,6  ,6.1538
674  ,7.197e+00   ,-53.667  ,6  ,7.6923
675  ,7.198e+00   ,-53.667  ,6  ,9.2308
676  ,7.198e+00   ,-53.667  ,6  ,10.769
677  ,7.197e+00   ,-53.667  ,6  ,12.308
678  ,7.195e+00   ,-53.667  ,6  ,13.846
679  ,7.192e+00   ,-53.667  ,6  ,15.385
680  ,7.188e+00   ,-53.667  ,6  ,16.923
681  ,7.183e+00   ,-53.667  ,6  ,18.462
682  ,7.495e+00   ,-55.222  ,6  ,1.5385
683  ,7.500e+00   ,-55.222  ,6  ,3.0769
684  ,7.504e+00   ,-55.222  ,6  ,4.6154
685  ,7.506e+00   ,-55.222  ,6  ,6.1538
686  ,7.508e+00   ,-55.222  ,6  ,7.6923
687  ,7.509e+00   ,-55.222  ,6  ,9.2308
688  ,7.509e+00   ,-55.222  ,6  ,10.769
689  ,7.508e+00   ,-55.222  ,6  ,12.308
690  ,7.506e+00   ,-55.222  ,6  ,13.846
691  ,7.503e+00   ,-55.222  ,6  ,15.385
692  ,7.500e+00   ,-55.222  ,6  ,16.923
693  ,7.495e+00   ,-55.222  ,6  ,18.462
694  ,7.811e+00   ,-56.778  ,6  ,1.5385
695  ,7.815e+00   ,-56.778  ,6  ,3.0769
696  ,7.818e+00   ,-56.778  ,6  ,4.6154
697  ,7.820e+00   ,-56.778  ,6  ,6.1538
698  ,7.822e+00   ,-56.778  ,6  ,7.6923
699  ,7.823e+00   ,-56.778  ,6  ,9.2308
700  ,7.823e+00   ,-56.778  ,6  ,10.769
701  ,7.822e+00   ,-56.778  ,6  ,12.308
702  ,7.820e+00   ,-56.778  ,6  ,13.846
703  ,7.818e+00   ,-56.778  ,6  ,15.385
704  ,7.814e+00   ,-56.778  ,6  ,16.923
705  ,7.810e+00   ,-56.778  ,6  ,18.462
706  ,8.128e+00   ,-58.333  ,6  ,1.5385
707  ,8.132e+00   ,-58.333  ,6  ,3.0769
708  ,8.135e+00   ,-58.333  ,6  ,4.6154
709  ,8.137e+00   ,-58.333  ,6  ,6.1538
710  ,8.139e+00   ,-58.333  ,6  ,7.6923
711  ,8.139e+00   ,-58.333  ,6  ,9.2308
712  ,8.139e+00   ,-58.333  ,6  ,10.769
713  ,8.139e+00   ,-58.333  ,6  ,12.308
714  ,8.137e+00   ,-58.333  ,6  ,13.846
715  ,8.135e+00   ,-58.333  ,6  ,15.385
716  ,8.132e+00   ,-58.333  ,6  ,16.923
717  ,8.128e+00   ,-58.333  ,6  ,18.462
718  ,8.448e+00   ,-59.889  ,6  ,1.5385
719  ,8.451e+00   ,-59.889  ,6  ,3.0769
720  ,8.454e+00   ,-59.889  ,6  ,4.6154
721  ,8.456e+00   ,-59.889  ,6  ,6.1538
722  ,8.457e+00   ,-59.889  ,6  ,7.6923
723  ,8.458e+00   ,-59.889  ,6  ,9.2308
724  ,8.458e+00   ,-59.889  ,6  ,10.769
725  ,8.457e+00   ,-59.889  ,6  ,12.308
726  ,8.456e+00   ,-59.889  ,6  ,13.846
727  ,8.454e+00   ,-59.889  ,6  ,15.385
728  ,8.451e+00   ,-59.889  ,6  ,16.923
729  ,8.447e+00   ,-59.889  ,6  ,18.462
730  ,8.769e+00   ,-61.444  ,6  ,1.5385
731  ,8.773e+00   ,-61.444  ,6  ,3.0769
732  ,8.775e+00   ,-61.444  ,6  ,4.6154
733  ,8.777e+00   ,-61.444  ,6  ,6.1538
734  ,8.778e+00   ,-61.444  ,6  ,7.6923
735  ,8.779e+00   ,-61.444  ,6  ,9.2308
736  ,8.779e+00   ,-61.444  ,6  ,10.769
737  ,8.778e+00   ,-61.444  ,6  ,12.308
738  ,8.777e+00   ,-61.444  ,6  ,13.846
739  ,8.775e+00   ,-61.444  ,6  ,15.385
740  ,8.773e+00   ,-61.444  ,6  ,16.923
741  ,8.769e+00   ,-61.444  ,6  ,18.462
742  ,9.093e+00   ,-63  ,6  ,1.5385
743  ,9.096e+00   ,-63  ,6  ,3.0769
744  ,9.098e+00   ,-63  ,6  ,4.6154
745  ,9.100e+00   ,-63  ,6  ,6.1538
746  ,9.101e+00   ,-63  ,6  ,7.6923
747  ,9.101e+00   ,-63  ,6  ,9.2308
748  ,9.101e+00   ,-63  ,6  ,10.769
749  ,9.101e+00   ,-63  ,6  ,12.308
750  ,9.100e+00   ,-63  ,6  ,13.846
751  ,9.098e+00   ,-63  ,6  ,15.385
752  ,9.096e+00   ,-63  ,6  ,16.923
753  ,9.093e+00   ,-63  ,6  ,18.462
754  ,9.418e+00   ,-64.556  ,6  ,1.5385
755  ,9.421e+00   ,-64.556  ,6  ,3.0769
756  ,9.423e+00   ,-64.556  ,6  ,4.6154
757  ,9.425e+00   ,-64.556  ,6  ,6.1538
758  ,9.426e+00   ,-64.556  ,6  ,7.6923
759  ,9.426e+00   ,-64.556  ,6  ,9.2308
760  ,9.426e+00   ,-64.556  ,6  ,10.769
761  ,9.426e+00   ,-64.556  ,6  ,12.308
762  ,9.425e+00   ,-64.556  ,6  ,13.846
763  ,9.423e+00   ,-64.556  ,6  ,15.385
764  ,9.421e+00   ,-64.556  ,6  ,16.923
765  ,9.418e+00   ,-64.556  ,6  ,18.462
766  ,9.747e+00   ,-66.111  ,6  ,1.5385
767  ,9.749e+00   ,-66.111  ,6  ,3.0769
768  ,9.751e+00   ,-66.111  ,6  ,4.6154
769  ,9.752e+00   ,-66.111  ,6  ,6.1538
770  ,9.753e+00   ,-66.111  ,6  ,7.6923
771  ,9.753e+00   ,-66.111  ,6  ,9.2308
772  ,9.753e+00   ,-66.111  ,6  ,10.769
773  ,9.753e+00   ,-66.111  ,6  ,12.308
774  ,9.752e+00   ,-66.111  ,6  ,13.846
775  ,9.751e+00   ,-66.111  ,6  ,15.385
776  ,9.749e+00   ,-66.111  ,6  ,16.923
777  ,9.746e+00   ,-66.111  ,6  ,18.462
778  ,1.008e+01   ,-67.667  ,6  ,1.5385
779  ,1.008e+01   ,-67.667  ,6  ,3.0769
780  ,1.008e+01   ,-67.667  ,6  ,4.6154
781  ,1.008e+01   ,-67.667  ,6  ,6.1538
782  ,1.009e+01   ,-67.667  ,6  ,7.6923
783  ,1.009e+01   ,-67.667  ,6  ,9.2308
784  ,1.009e+01   ,-67.667  ,6  ,10.769
785  ,1.008e+01   ,-67.667  ,6  ,12.308
786  ,1.008e+01   ,-67.667  ,6  ,13.846
787  ,1.008e+01   ,-67.667  ,6  ,15.385
788  ,1.008e+01   ,-67.667  ,6  ,16.923
789  ,1.008e+01   ,-67.667  ,6  ,18.462
71562  ,1.008e+01   ,-67.667  ,6  ,17.692
71567  ,1.008e+01   ,-67.667  ,6  ,16.154
71572  ,1.008e+01   ,-67.667  ,6  ,14.615
71577  ,1.008e+01   ,-67.667  ,6  ,13.077
71582  ,1.009e+01   ,-67.667  ,6  ,11.538
71587  ,1.009e+01   ,-67.667  ,6  ,10
71591  ,1.009e+01   ,-67.667  ,6  ,8.4615
71596  ,1.008e+01   ,-67.667  ,6  ,6.9231
71601  ,1.008e+01   ,-67.667  ,6  ,5.3846
71605  ,1.008e+01   ,-67.667  ,6  ,3.8462
71613  ,1.008e+01   ,-67.667  ,6  ,2.3077
71619  ,9.912e+00   ,-66.889  ,6  ,18.462
71620  ,9.914e+00   ,-66.889  ,6  ,17.692
71627  ,9.915e+00   ,-66.889  ,6  ,16.923
71628  ,9.915e+00   ,-66.889  ,6  ,16.154
71629  ,9.748e+00   ,-66.111  ,6  ,17.692
71634  ,9.916e+00   ,-66.889  ,6  ,15.385
71635  ,9.916e+00   ,-66.889  ,6  ,14.615
71636  ,9.750e+00   ,-66.111  ,6  ,16.154
71643  ,9.917e+00   ,-66.889  ,6  ,13.846
71644  ,9.917e+00   ,-66.889  ,6  ,13.077
71645  ,9.751e+00   ,-66.111  ,6  ,14.615
71649  ,9.918e+00   ,-66.889  ,6  ,12.308
71650  ,9.918e+00   ,-66.889  ,6  ,11.538
71651  ,9.752e+00   ,-66.111  ,6  ,13.077
71656  ,9.918e+00   ,-66.889  ,6  ,10.769
71657  ,9.918e+00   ,-66.889  ,6  ,10
71658  ,9.753e+00   ,-66.111  ,6  ,11.538
71664  ,9.918e+00   ,-66.889  ,6  ,9.2308
71665  ,9.918e+00   ,-66.889  ,6  ,8.4615
71666  ,9.753e+00   ,-66.111  ,6  ,10
71672  ,9.918e+00   ,-66.889  ,6  ,7.6923
71673  ,9.917e+00   ,-66.889  ,6  ,6.9231
71674  ,9.753e+00   ,-66.111  ,6  ,8.4615
71679  ,9.917e+00   ,-66.889  ,6  ,6.1538
71680  ,9.917e+00   ,-66.889  ,6  ,5.3846
71681  ,9.752e+00   ,-66.111  ,6  ,6.9231
71686  ,9.916e+00   ,-66.889  ,6  ,4.6154
71687  ,9.916e+00   ,-66.889  ,6  ,3.8462
71688  ,9.752e+00   ,-66.111  ,6  ,5.3846
71692  ,9.915e+00   ,-66.889  ,6  ,3.0769
71693  ,9.914e+00   ,-66.889  ,6  ,2.3077
71694  ,9.750e+00   ,-66.111  ,6  ,3.8462
71701  ,9.913e+00   ,-66.889  ,6  ,1.5385
71702  ,9.748e+00   ,-66.111  ,6  ,2.3077
71707  ,9.582e+00   ,-65.333  ,6  ,18.462
71708  ,9.583e+00   ,-65.333  ,6  ,17.692
71712  ,9.585e+00   ,-65.333  ,6  ,16.923
71713  ,9.586e+00   ,-65.333  ,6  ,16.154
71714  ,9.420e+00   ,-64.556  ,6  ,17.692
71718  ,9.587e+00   ,-65.333  ,6  ,15.385
71719  ,9.587e+00   ,-65.333  ,6  ,14.615
71720  ,9.422e+00   ,-64.556  ,6  ,16.154
71727  ,9.588e+00   ,-65.333  ,6  ,13.846
71728  ,9.588e+00   ,-65.333  ,6  ,13.077
71729  ,9.424e+00   ,-64.556  ,6  ,14.615
71736  ,9.589e+00   ,-65.333  ,6  ,12.308
71737  ,9.589e+00   ,-65.333  ,6  ,11.538
71738  ,9.425e+00   ,-64.556  ,6  ,13.077
71743  ,9.589e+00   ,-65.333  ,6  ,10.769
71744  ,9.589e+00   ,-65.333  ,6  ,10
71745  ,9.426e+00   ,-64.556  ,6  ,11.538
71751  ,9.589e+00   ,-65.333  ,6  ,9.2308
71752  ,9.589e+00   ,-65.333  ,6  ,8.4615
71753  ,9.426e+00   ,-64.556  ,6  ,10
71759  ,9.589e+00   ,-65.333  ,6  ,7.6923
71760  ,9.588e+00   ,-65.333  ,6  ,6.9231
71761  ,9.426e+00   ,-64.556  ,6  ,8.4615
71767  ,9.588e+00   ,-65.333  ,6  ,6.1538
71768  ,9.587e+00   ,-65.333  ,6  ,5.3846
71769  ,9.425e+00   ,-64.556  ,6  ,6.9231
71774  ,9.587e+00   ,-65.333  ,6  ,4.6154
71775  ,9.586e+00   ,-65.333  ,6  ,3.8462
71776  ,9.424e+00   ,-64.556  ,6  ,5.3846
71781  ,9.585e+00   ,-65.333  ,6  ,3.0769
71782  ,9.584e+00   ,-65.333  ,6  ,2.3077
71783  ,9.422e+00   ,-64.556  ,6  ,3.8462
71789  ,9.582e+00   ,-65.333  ,6  ,1.5385
71790  ,9.420e+00   ,-64.556  ,6  ,2.3077
71796  ,9.255e+00   ,-63.778  ,6  ,18.462
71797  ,9.257e+00   ,-63.778  ,6  ,17.692
71802  ,9.258e+00   ,-63.778  ,6  ,16.923
71803  ,9.259e+00   ,-63.778  ,6  ,16.154
71804  ,9.094e+00   ,-63  ,6  ,17.692
71809  ,9.260e+00   ,-63.778  ,6  ,15.385
71810  ,9.261e+00   ,-63.778  ,6  ,14.615
71811  ,9.097e+00   ,-63  ,6  ,16.154
71817  ,9.262e+00   ,-63.778  ,6  ,13.846
71818  ,9.263e+00   ,-63.778  ,6  ,13.077
71819  ,9.099e+00   ,-63  ,6  ,14.615
71824  ,9.263e+00   ,-63.778  ,6  ,12.308
71825  ,9.263e+00   ,-63.778  ,6  ,11.538
71826  ,9.100e+00   ,-63  ,6  ,13.077
71831  ,9.263e+00   ,-63.778  ,6  ,10.769
71832  ,9.264e+00   ,-63.778  ,6  ,10
71833  ,9.101e+00   ,-63  ,6  ,11.538
71838  ,9.263e+00   ,-63.778  ,6  ,9.2308
71839  ,9.263e+00   ,-63.778  ,6  ,8.4615
71840  ,9.102e+00   ,-63  ,6  ,10
71845  ,9.263e+00   ,-63.778  ,6  ,7.6923
71846  ,9.263e+00   ,-63.778  ,6  ,6.9231
71847  ,9.101e+00   ,-63  ,6  ,8.4615
71852  ,9.262e+00   ,-63.778  ,6  ,6.1538
71853  ,9.261e+00   ,-63.778  ,6  ,5.3846
71854  ,9.101e+00   ,-63  ,6  ,6.9231
71859  ,9.261e+00   ,-63.778  ,6  ,4.6154
71860  ,9.260e+00   ,-63.778  ,6  ,3.8462
71861  ,9.099e+00   ,-63  ,6  ,5.3846
71866  ,9.258e+00   ,-63.778  ,6  ,3.0769
71867  ,9.257e+00   ,-63.778  ,6  ,2.3077
71868  ,9.097e+00   ,-63  ,6  ,3.8462
71874  ,9.255e+00   ,-63.778  ,6  ,1.5385
71875  ,9.095e+00   ,-63  ,6  ,2.3077
71880  ,8.931e+00   ,-62.222  ,6  ,18.462
71881  ,8.932e+00   ,-62.222  ,6  ,17.692
71886  ,8.934e+00   ,-62.222  ,6  ,16.923
71887  ,8.935e+00   ,-62.222  ,6  ,16.154
71888  ,8.771e+00   ,-61.444  ,6  ,17.692
71893  ,8.936e+00   ,-62.222  ,6  ,15.385
71894  ,8.937e+00   ,-62.222  ,6  ,14.615
71895  ,8.774e+00   ,-61.444  ,6  ,16.154
71902  ,8.938e+00   ,-62.222  ,6  ,13.846
71903  ,8.939e+00   ,-62.222  ,6  ,13.077
71904  ,8.776e+00   ,-61.444  ,6  ,14.615
71913  ,8.939e+00   ,-62.222  ,6  ,12.308
71914  ,8.940e+00   ,-62.222  ,6  ,11.538
71915  ,8.778e+00   ,-61.444  ,6  ,13.077
71922  ,8.940e+00   ,-62.222  ,6  ,10.769
71923  ,8.940e+00   ,-62.222  ,6  ,10
71924  ,8.779e+00   ,-61.444  ,6  ,11.538
71931  ,8.940e+00   ,-62.222  ,6  ,9.2308
71932  ,8.940e+00   ,-62.222  ,6  ,8.4615
71933  ,8.779e+00   ,-61.444  ,6  ,10
71940  ,8.939e+00   ,-62.222  ,6  ,7.6923
71941  ,8.939e+00   ,-62.222  ,6  ,6.9231
71942  ,8.779e+00   ,-61.444  ,6  ,8.4615
71948  ,8.938e+00   ,-62.222  ,6  ,6.1538
71949  ,8.937e+00   ,-62.222  ,6  ,5.3846
71950  ,8.778e+00   ,-61.444  ,6  ,6.9231
71955  ,8.937e+00   ,-62.222  ,6  ,4.6154
71956  ,8.935e+00   ,-62.222  ,6  ,3.8462
71957  ,8.776e+00   ,-61.444  ,6  ,5.3846
71962  ,8.934e+00   ,-62.222  ,6  ,3.0769
71963  ,8.933e+00   ,-62.222  ,6  ,2.3077
71964  ,8.774e+00   ,-61.444  ,6  ,3.8462
71970  ,8.931e+00   ,-62.222  ,6  ,1.5385
71971  ,8.771e+00   ,-61.444  ,6  ,2.3077
71976  ,8.608e+00   ,-60.667  ,6  ,18.462
71977  ,8.610e+00   ,-60.667  ,6  ,17.692
71982  ,8.612e+00   ,-60.667  ,6  ,16.923
71983  ,8.613e+00   ,-60.667  ,6  ,16.154
71984  ,8.449e+00   ,-59.889  ,6  ,17.692
71989  ,8.614e+00   ,-60.667  ,6  ,15.385
71990  ,8.615e+00   ,-60.667  ,6  ,14.615
71991  ,8.453e+00   ,-59.889  ,6  ,16.154
71996  ,8.616e+00   ,-60.667  ,6  ,13.846
71997  ,8.617e+00   ,-60.667  ,6  ,13.077
71998  ,8.455e+00   ,-59.889  ,6  ,14.615
72004  ,8.618e+00   ,-60.667  ,6  ,12.308
72005  ,8.618e+00   ,-60.667  ,6  ,11.538
72006  ,8.457e+00   ,-59.889  ,6  ,13.077
72011  ,8.618e+00   ,-60.667  ,6  ,10.769
72012  ,8.618e+00   ,-60.667  ,6  ,10
72013  ,8.458e+00   ,-59.889  ,6  ,11.538
72018  ,8.618e+00   ,-60.667  ,6  ,9.2308
72019  ,8.618e+00   ,-60.667  ,6  ,8.4615
72020  ,8.458e+00   ,-59.889  ,6  ,10
72025  ,8.618e+00   ,-60.667  ,6  ,7.6923
72026  ,8.617e+00   ,-60.667  ,6  ,6.9231
72027  ,8.458e+00   ,-59.889  ,6  ,8.4615
72032  ,8.616e+00   ,-60.667  ,6  ,6.1538
72033  ,8.615e+00   ,-60.667  ,6  ,5.3846
72034  ,8.457e+00   ,-59.889  ,6  ,6.9231
72039  ,8.614e+00   ,-60.667  ,6  ,4.6154
72040  ,8.613e+00   ,-60.667  ,6  ,3.8462
72041  ,8.455e+00   ,-59.889  ,6  ,5.3846
72046  ,8.612e+00   ,-60.667  ,6  ,3.0769
72047  ,8.610e+00   ,-60.667  ,6  ,2.3077
72048  ,8.453e+00   ,-59.889  ,6  ,3.8462
72054  ,8.608e+00   ,-60.667  ,6  ,1.5385
72055  ,8.450e+00   ,-59.889  ,6  ,2.3077
72060  ,8.287e+00   ,-59.111  ,6  ,18.462
72061  ,8.289e+00   ,-59.111  ,6  ,17.692
72066  ,8.291e+00   ,-59.111  ,6  ,16.923
72067  ,8.293e+00   ,-59.111  ,6  ,16.154
72068  ,8.130e+00   ,-58.333  ,6  ,17.692
72073  ,8.294e+00   ,-59.111  ,6  ,15.385
72074  ,8.295e+00   ,-59.111  ,6  ,14.615
72075  ,8.133e+00   ,-58.333  ,6  ,16.154
72081  ,8.296e+00   ,-59.111  ,6  ,13.846
72082  ,8.297e+00   ,-59.111  ,6  ,13.077
72083  ,8.136e+00   ,-58.333  ,6  ,14.615
72088  ,8.298e+00   ,-59.111  ,6  ,12.308
72089  ,8.298e+00   ,-59.111  ,6  ,11.538
72090  ,8.138e+00   ,-58.333  ,6  ,13.077
72096  ,8.298e+00   ,-59.111  ,6  ,10.769
72097  ,8.299e+00   ,-59.111  ,6  ,10
72098  ,8.139e+00   ,-58.333  ,6  ,11.538
72103  ,8.298e+00   ,-59.111  ,6  ,9.2308
72104  ,8.298e+00   ,-59.111  ,6  ,8.4615
72105  ,8.139e+00   ,-58.333  ,6  ,10
72110  ,8.298e+00   ,-59.111  ,6  ,7.6923
72111  ,8.297e+00   ,-59.111  ,6  ,6.9231
72112  ,8.139e+00   ,-58.333  ,6  ,8.4615
72119  ,8.296e+00   ,-59.111  ,6  ,6.1538
72120  ,8.295e+00   ,-59.111  ,6  ,5.3846
72121  ,8.138e+00   ,-58.333  ,6  ,6.9231
72127  ,8.294e+00   ,-59.111  ,6  ,4.6154
72128  ,8.293e+00   ,-59.111  ,6  ,3.8462
72129  ,8.136e+00   ,-58.333  ,6  ,5.3846
72134  ,8.291e+00   ,-59.111  ,6  ,3.0769
72135  ,8.290e+00   ,-59.111  ,6  ,2.3077
72136  ,8.134e+00   ,-58.333  ,6  ,3.8462
72143  ,8.288e+00   ,-59.111  ,6  ,1.5385
72144  ,8.130e+00   ,-58.333  ,6  ,2.3077
72149  ,7.969e+00   ,-57.556  ,6  ,18.462
72150  ,7.971e+00   ,-57.556  ,6  ,17.692
72155  ,7.973e+00   ,-57.556  ,6  ,16.923
72156  ,7.974e+00   ,-57.556  ,6  ,16.154
72157  ,7.812e+00   ,-56.778  ,6  ,17.692
72162  ,7.976e+00   ,-57.556  ,6  ,15.385
72163  ,7.977e+00   ,-57.556  ,6  ,14.615
72164  ,7.816e+00   ,-56.778  ,6  ,16.154
72170  ,7.978e+00   ,-57.556  ,6  ,13.846
72171  ,7.979e+00   ,-57.556  ,6  ,13.077
72172  ,7.819e+00   ,-56.778  ,6  ,14.615
72178  ,7.980e+00   ,-57.556  ,6  ,12.308
72179  ,7.980e+00   ,-57.556  ,6  ,11.538
72180  ,7.821e+00   ,-56.778  ,6  ,13.077
72189  ,7.981e+00   ,-57.556  ,6  ,10.769
72190  ,7.981e+00   ,-57.556  ,6  ,10
72191  ,7.822e+00   ,-56.778  ,6  ,11.538
72199  ,7.981e+00   ,-57.556  ,6  ,9.2308
72200  ,7.981e+00   ,-57.556  ,6  ,8.4615
72201  ,7.823e+00   ,-56.778  ,6  ,10
72207  ,7.980e+00   ,-57.556  ,6  ,7.6923
72208  ,7.979e+00   ,-57.556  ,6  ,6.9231
72209  ,7.823e+00   ,-56.778  ,6  ,8.4615
72215  ,7.979e+00   ,-57.556  ,6  ,6.1538
72216  ,7.977e+00   ,-57.556  ,6  ,5.3846
72217  ,7.821e+00   ,-56.778  ,6  ,6.9231
72221  ,7.976e+00   ,-57.556  ,6  ,4.6154
72222  ,7.975e+00   ,-57.556  ,6  ,3.8462
72223  ,7.819e+00   ,-56.778  ,6  ,5.3846
72228  ,7.973e+00   ,-57.556  ,6  ,3.0769
72229  ,7.971e+00   ,-57.556  ,6  ,2.3077
72230  ,7.816e+00   ,-56.778  ,6  ,3.8462
72236  ,7.969e+00   ,-57.556  ,6  ,1.5385
72237  ,7.813e+00   ,-56.778  ,6  ,2.3077
72242  ,7.652e+00   ,-56  ,6  ,18.462
72243  ,7.655e+00   ,-56  ,6  ,17.692
72248  ,7.657e+00   ,-56  ,6  ,16.923
72249  ,7.659e+00   ,-56  ,6  ,16.154
72250  ,7.498e+00   ,-55.222  ,6  ,17.692
72255  ,7.660e+00   ,-56  ,6  ,15.385
72256  ,7.662e+00   ,-56  ,6  ,14.615
72257  ,7.502e+00   ,-55.222  ,6  ,16.154
72263  ,7.663e+00   ,-56  ,6  ,13.846
72264  ,7.664e+00   ,-56  ,6  ,13.077
72265  ,7.505e+00   ,-55.222  ,6  ,14.615
72270  ,7.665e+00   ,-56  ,6  ,12.308
72271  ,7.665e+00   ,-56  ,6  ,11.538
72272  ,7.507e+00   ,-55.222  ,6  ,13.077
72277  ,7.665e+00   ,-56  ,6  ,10.769
72278  ,7.666e+00   ,-56  ,6  ,10
72279  ,7.508e+00   ,-55.222  ,6  ,11.538
72286  ,7.665e+00   ,-56  ,6  ,9.2308
72287  ,7.665e+00   ,-56  ,6  ,8.4615
72288  ,7.509e+00   ,-55.222  ,6  ,10
72293  ,7.665e+00   ,-56  ,6  ,7.6923
72294  ,7.664e+00   ,-56  ,6  ,6.9231
72295  ,7.509e+00   ,-55.222  ,6  ,8.4615
72302  ,7.663e+00   ,-56  ,6  ,6.1538
72303  ,7.662e+00   ,-56  ,6  ,5.3846
72304  ,7.507e+00   ,-55.222  ,6  ,6.9231
72309  ,7.660e+00   ,-56  ,6  ,4.6154
72310  ,7.659e+00   ,-56  ,6  ,3.8462
72311  ,7.505e+00   ,-55.222  ,6  ,5.3846
72316  ,7.657e+00   ,-56  ,6  ,3.0769
72317  ,7.655e+00   ,-56  ,6  ,2.3077
72318  ,7.502e+00   ,-55.222  ,6  ,3.8462
72323  ,7.653e+00   ,-56  ,6  ,1.5385
72324  ,7.498e+00   ,-55.222  ,6  ,2.3077
72329  ,7.339e+00   ,-54.444  ,6  ,18.462
72330  ,7.341e+00   ,-54.444  ,6  ,17.692
72335  ,7.343e+00   ,-54.444  ,6  ,16.923
72336  ,7.345e+00   ,-54.444  ,6  ,16.154
72337  ,7.185e+00   ,-53.667  ,6  ,17.692
72342  ,7.347e+00   ,-54.444  ,6  ,15.385
72343  ,7.349e+00   ,-54.444  ,6  ,14.615
72344  ,7.190e+00   ,-53.667  ,6  ,16.154
72350  ,7.350e+00   ,-54.444  ,6  ,13.846
72351  ,7.351e+00   ,-54.444  ,6  ,13.077
72352  ,7.193e+00   ,-53.667  ,6  ,14.615
72358  ,7.352e+00   ,-54.444  ,6  ,12.308
72359  ,7.352e+00   ,-54.444  ,6  ,11.538
72360  ,7.196e+00   ,-53.667  ,6  ,13.077
72365  ,7.353e+00   ,-54.444  ,6  ,10.769
72366  ,7.353e+00   ,-54.444  ,6  ,10
72367  ,7.197e+00   ,-53.667  ,6  ,11.538
72374  ,7.353e+00   ,-54.444  ,6  ,9.2308
72375  ,7.353e+00   ,-54.444  ,6  ,8.4615
72376  ,7.198e+00   ,-53.667  ,6  ,10
72381  ,7.352e+00   ,-54.444  ,6  ,7.6923
72382  ,7.351e+00   ,-54.444  ,6  ,6.9231
72383  ,7.197e+00   ,-53.667  ,6  ,8.4615
72390  ,7.350e+00   ,-54.444  ,6  ,6.1538
72391  ,7.349e+00   ,-54.444  ,6  ,5.3846
72392  ,7.196e+00   ,-53.667  ,6  ,6.9231
72397  ,7.347e+00   ,-54.444  ,6  ,4.6154
72398  ,7.346e+00   ,-54.444  ,6  ,3.8462
72399  ,7.193e+00   ,-53.667  ,6  ,5.3846
72404  ,7.344e+00   ,-54.444  ,6  ,3.0769
72405  ,7.341e+00   ,-54.444  ,6  ,2.3077
72406  ,7.190e+00   ,-53.667  ,6  ,3.8462
72411  ,7.339e+00   ,-54.444  ,6  ,1.5385
72412  ,7.186e+00   ,-53.667  ,6  ,2.3077
72417  ,7.028e+00   ,-52.889  ,6  ,18.462
72418  ,7.030e+00   ,-52.889  ,6  ,17.692
72423  ,7.033e+00   ,-52.889  ,6  ,16.923
72424  ,7.035e+00   ,-52.889  ,6  ,16.154
72425  ,6.876e+00   ,-52.111  ,6  ,17.692
72430  ,7.037e+00   ,-52.889  ,6  ,15.385
72431  ,7.039e+00   ,-52.889  ,6  ,14.615
72432  ,6.881e+00   ,-52.111  ,6  ,16.154
72438  ,7.040e+00   ,-52.889  ,6  ,13.846
72439  ,7.041e+00   ,-52.889  ,6  ,13.077
72440  ,6.885e+00   ,-52.111  ,6  ,14.615
72446  ,7.042e+00   ,-52.889  ,6  ,12.308
72447  ,7.043e+00   ,-52.889  ,6  ,11.538
72448  ,6.887e+00   ,-52.111  ,6  ,13.077
72453  ,7.043e+00   ,-52.889  ,6  ,10.769
72454  ,7.043e+00   ,-52.889  ,6  ,10
72455  ,6.889e+00   ,-52.111  ,6  ,11.538
72462  ,7.043e+00   ,-52.889  ,6  ,9.2308
72463  ,7.043e+00   ,-52.889  ,6  ,8.4615
72464  ,6.890e+00   ,-52.111  ,6  ,10
72469  ,7.042e+00   ,-52.889  ,6  ,7.6923
72470  ,7.041e+00   ,-52.889  ,6  ,6.9231
72471  ,6.889e+00   ,-52.111  ,6  ,8.4615
72477  ,7.040e+00   ,-52.889  ,6  ,6.1538
72478  ,7.039e+00   ,-52.889  ,6  ,5.3846
72479  ,6.888e+00   ,-52.111  ,6  ,6.9231
72484  ,7.037e+00   ,-52.889  ,6  ,4.6154
72485  ,7.035e+00   ,-52.889  ,6  ,3.8462
72486  ,6.885e+00   ,-52.111  ,6  ,5.3846
72491  ,7.033e+00   ,-52.889  ,6  ,3.0769
72492  ,7.031e+00   ,-52.889  ,6  ,2.3077
72493  ,6.881e+00   ,-52.111  ,6  ,3.8462
72499  ,7.028e+00   ,-52.889  ,6  ,1.5385
72500  ,6.877e+00   ,-52.111  ,6  ,2.3077
72505  ,6.720e+00   ,-51.333  ,6  ,18.462
72506  ,6.723e+00   ,-51.333  ,6  ,17.692
72511  ,6.726e+00   ,-51.333  ,6  ,16.923
72512  ,6.728e+00   ,-51.333  ,6  ,16.154
72513  ,6.570e+00   ,-50.556  ,6  ,17.692
72518  ,6.730e+00   ,-51.333  ,6  ,15.385
72519  ,6.732e+00   ,-51.333  ,6  ,14.615
72520  ,6.576e+00   ,-50.556  ,6  ,16.154
72526  ,6.733e+00   ,-51.333  ,6  ,13.846
72527  ,6.734e+00   ,-51.333  ,6  ,13.077
72528  ,6.580e+00   ,-50.556  ,6  ,14.615
72534  ,6.735e+00   ,-51.333  ,6  ,12.308
72535  ,6.736e+00   ,-51.333  ,6  ,11.538
72536  ,6.582e+00   ,-50.556  ,6  ,13.077
72541  ,6.737e+00   ,-51.333  ,6  ,10.769
72542  ,6.737e+00   ,-51.333  ,6  ,10
72543  ,6.584e+00   ,-50.556  ,6  ,11.538
72549  ,6.737e+00   ,-51.333  ,6  ,9.2308
72550  ,6.736e+00   ,-51.333  ,6  ,8.4615
72551  ,6.585e+00   ,-50.556  ,6  ,10
72556  ,6.735e+00   ,-51.333  ,6  ,7.6923
72557  ,6.735e+00   ,-51.333  ,6  ,6.9231
72558  ,6.584e+00   ,-50.556  ,6  ,8.4615
72564  ,6.733e+00   ,-51.333  ,6  ,6.1538
72565  ,6.732e+00   ,-51.333  ,6  ,5.3846
72566  ,6.583e+00   ,-50.556  ,6  ,6.9231
72571  ,6.730e+00   ,-51.333  ,6  ,4.6154
72572  ,6.728e+00   ,-51.333  ,6  ,3.8462
72573  ,6.580e+00   ,-50.556  ,6  ,5.3846
72578  ,6.726e+00   ,-51.333  ,6  ,3.0769
72579  ,6.723e+00   ,-51.333  ,6  ,2.3077
72580  ,6.576e+00   ,-50.556  ,6  ,3.8462
72586  ,6.720e+00   ,-51.333  ,6  ,1.5385
72587  ,6.571e+00   ,-50.556  ,6  ,2.3077
72592  ,6.416e+00   ,-49.778  ,6  ,18.462
72593  ,6.419e+00   ,-49.778  ,6  ,17.692
72598  ,6.422e+00   ,-49.778  ,6  ,16.923
72599  ,6.424e+00   ,-49.778  ,6  ,16.154
72600  ,6.268e+00   ,-49  ,6  ,17.692
72605  ,6.426e+00   ,-49.778  ,6  ,15.385
72606  ,6.428e+00   ,-49.778  ,6  ,14.615
72607  ,6.274e+00   ,-49  ,6  ,16.154
72612  ,6.430e+00   ,-49.778  ,6  ,13.846
72613  ,6.431e+00   ,-49.778  ,6  ,13.077
72614  ,6.278e+00   ,-49  ,6  ,14.615
72621  ,6.432e+00   ,-49.778  ,6  ,12.308
72622  ,6.433e+00   ,-49.778  ,6  ,11.538
72623  ,6.281e+00   ,-49  ,6  ,13.077
72628  ,6.433e+00   ,-49.778  ,6  ,10.769
72629  ,6.434e+00   ,-49.778  ,6  ,10
72630  ,6.283e+00   ,-49  ,6  ,11.538
72636  ,6.433e+00   ,-49.778  ,6  ,9.2308
72637  ,6.433e+00   ,-49.778  ,6  ,8.4615
72638  ,6.283e+00   ,-49  ,6  ,10
72643  ,6.432e+00   ,-49.778  ,6  ,7.6923
72644  ,6.431e+00   ,-49.778  ,6  ,6.9231
72645  ,6.283e+00   ,-49  ,6  ,8.4615
72651  ,6.430e+00   ,-49.778  ,6  ,6.1538
72652  ,6.428e+00   ,-49.778  ,6  ,5.3846
72653  ,6.281e+00   ,-49  ,6  ,6.9231
72658  ,6.427e+00   ,-49.778  ,6  ,4.6154
72659  ,6.424e+00   ,-49.778  ,6  ,3.8462
72660  ,6.278e+00   ,-49  ,6  ,5.3846
72666  ,6.422e+00   ,-49.778  ,6  ,3.0769
72667  ,6.419e+00   ,-49.778  ,6  ,2.3077
72668  ,6.274e+00   ,-49  ,6  ,3.8462
72675  ,6.416e+00   ,-49.778  ,6  ,1.5385
72676  ,6.268e+00   ,-49  ,6  ,2.3077
72682  ,6.115e+00   ,-48.222  ,6  ,18.462
72683  ,6.119e+00   ,-48.222  ,6  ,17.692
72688  ,6.122e+00   ,-48.222  ,6  ,16.923
72689  ,6.124e+00   ,-48.222  ,6  ,16.154
72690  ,5.970e+00   ,-47.444  ,6  ,17.692
72695  ,6.127e+00   ,-48.222  ,6  ,15.385
72696  ,6.129e+00   ,-48.222  ,6  ,14.615
72697  ,5.976e+00   ,-47.444  ,6  ,16.154
72703  ,6.130e+00   ,-48.222  ,6  ,13.846
72704  ,6.132e+00   ,-48.222  ,6  ,13.077
72705  ,5.980e+00   ,-47.444  ,6  ,14.615
72712  ,6.133e+00   ,-48.222  ,6  ,12.308
72713  ,6.134e+00   ,-48.222  ,6  ,11.538
72714  ,5.983e+00   ,-47.444  ,6  ,13.077
72720  ,6.134e+00   ,-48.222  ,6  ,10.769
72721  ,6.134e+00   ,-48.222  ,6  ,10
72722  ,5.985e+00   ,-47.444  ,6  ,11.538
72729  ,6.134e+00   ,-48.222  ,6  ,9.2308
72730  ,6.134e+00   ,-48.222  ,6  ,8.4615
72731  ,5.986e+00   ,-47.444  ,6  ,10
72736  ,6.133e+00   ,-48.222  ,6  ,7.6923
72737  ,6.132e+00   ,-48.222  ,6  ,6.9231
72738  ,5.985e+00   ,-47.444  ,6  ,8.4615
72745  ,6.130e+00   ,-48.222  ,6  ,6.1538
72746  ,6.129e+00   ,-48.222  ,6  ,5.3846
72747  ,5.984e+00   ,-47.444  ,6  ,6.9231
72752  ,6.127e+00   ,-48.222  ,6  ,4.6154
72753  ,6.124e+00   ,-48.222  ,6  ,3.8462
72754  ,5.980e+00   ,-47.444  ,6  ,5.3846
72758  ,6.122e+00   ,-48.222  ,6  ,3.0769
72759  ,6.119e+00   ,-48.222  ,6  ,2.3077
72760  ,5.976e+00   ,-47.444  ,6  ,3.8462
72765  ,6.115e+00   ,-48.222  ,6  ,1.5385
72766  ,5.970e+00   ,-47.444  ,6  ,2.3077
72773  ,5.819e+00   ,-46.667  ,6  ,18.462
72774  ,5.822e+00   ,-46.667  ,6  ,17.692
72779  ,5.825e+00   ,-46.667  ,6  ,16.923
72780  ,5.828e+00   ,-46.667  ,6  ,16.154
72781  ,5.676e+00   ,-45.889  ,6  ,17.692
72786  ,5.831e+00   ,-46.667  ,6  ,15.385
72787  ,5.833e+00   ,-46.667  ,6  ,14.615
72788  ,5.682e+00   ,-45.889  ,6  ,16.154
72795  ,5.835e+00   ,-46.667  ,6  ,13.846
72796  ,5.836e+00   ,-46.667  ,6  ,13.077
72797  ,5.687e+00   ,-45.889  ,6  ,14.615
72802  ,5.837e+00   ,-46.667  ,6  ,12.308
72803  ,5.838e+00   ,-46.667  ,6  ,11.538
72804  ,5.690e+00   ,-45.889  ,6  ,13.077
72810  ,5.839e+00   ,-46.667  ,6  ,10.769
72811  ,5.839e+00   ,-46.667  ,6  ,10
72812  ,5.692e+00   ,-45.889  ,6  ,11.538
72823  ,5.839e+00   ,-46.667  ,6  ,9.2308
72824  ,5.838e+00   ,-46.667  ,6  ,8.4615
72825  ,5.693e+00   ,-45.889  ,6  ,10
72830  ,5.838e+00   ,-46.667  ,6  ,7.6923
72831  ,5.836e+00   ,-46.667  ,6  ,6.9231
72832  ,5.692e+00   ,-45.889  ,6  ,8.4615
72839  ,5.835e+00   ,-46.667  ,6  ,6.1538
72840  ,5.833e+00   ,-46.667  ,6  ,5.3846
72841  ,5.690e+00   ,-45.889  ,6  ,6.9231
72846  ,5.831e+00   ,-46.667  ,6  ,4.6154
72847  ,5.829e+00   ,-46.667  ,6  ,3.8462
72848  ,5.687e+00   ,-45.889  ,6  ,5.3846
72853  ,5.826e+00   ,-46.667  ,6  ,3.0769
72854  ,5.822e+00   ,-46.667  ,6  ,2.3077
72855  ,5.682e+00   ,-45.889  ,6  ,3.8462
72860  ,5.819e+00   ,-46.667  ,6  ,1.5385
72861  ,5.676e+00   ,-45.889  ,6  ,2.3077
72867  ,5.526e+00   ,-45.111  ,6  ,18.462
72868  ,5.530e+00   ,-45.111  ,6  ,17.692
72873  ,5.534e+00   ,-45.111  ,6  ,16.923
72874  ,5.537e+00   ,-45.111  ,6  ,16.154
72875  ,5.386e+00   ,-44.333  ,6  ,17.692
72880  ,5.539e+00   ,-45.111  ,6  ,15.385
72881  ,5.542e+00   ,-45.111  ,6  ,14.615
72882  ,5.393e+00   ,-44.333  ,6  ,16.154
72887  ,5.544e+00   ,-45.111  ,6  ,13.846
72888  ,5.545e+00   ,-45.111  ,6  ,13.077
72889  ,5.398e+00   ,-44.333  ,6  ,14.615
72895  ,5.546e+00   ,-45.111  ,6  ,12.308
72896  ,5.547e+00   ,-45.111  ,6  ,11.538
72897  ,5.401e+00   ,-44.333  ,6  ,13.077
72904  ,5.548e+00   ,-45.111  ,6  ,10.769
72905  ,5.548e+00   ,-45.111  ,6  ,10
72906  ,5.403e+00   ,-44.333  ,6  ,11.538
72912  ,5.548e+00   ,-45.111  ,6  ,9.2308
72913  ,5.547e+00   ,-45.111  ,6  ,8.4615
72914  ,5.404e+00   ,-44.333  ,6  ,10
72919  ,5.546e+00   ,-45.111  ,6  ,7.6923
72920  ,5.545e+00   ,-45.111  ,6  ,6.9231
72921  ,5.403e+00   ,-44.333  ,6  ,8.4615
72928  ,5.544e+00   ,-45.111  ,6  ,6.1538
72929  ,5.542e+00   ,-45.111  ,6  ,5.3846
72930  ,5.401e+00   ,-44.333  ,6  ,6.9231
72936  ,5.539e+00   ,-45.111  ,6  ,4.6154
72937  ,5.537e+00   ,-45.111  ,6  ,3.8462
72938  ,5.398e+00   ,-44.333  ,6  ,5.3846
72943  ,5.534e+00   ,-45.111  ,6  ,3.0769
72944  ,5.530e+00   ,-45.111  ,6  ,2.3077
72945  ,5.393e+00   ,-44.333  ,6  ,3.8462
72950  ,5.527e+00   ,-45.111  ,6  ,1.5385
72951  ,5.386e+00   ,-44.333  ,6  ,2.3077
72956  ,5.239e+00   ,-43.556  ,6  ,18.462
72957  ,5.243e+00   ,-43.556  ,6  ,17.692
72962  ,5.246e+00   ,-43.556  ,6  ,16.923
72963  ,5.250e+00   ,-43.556  ,6  ,16.154
72964  ,5.101e+00   ,-42.778  ,6  ,17.692
72970  ,5.252e+00   ,-43.556  ,6  ,15.385
72971  ,5.255e+00   ,-43.556  ,6  ,14.615
72972  ,5.108e+00   ,-42.778  ,6  ,16.154
72979  ,5.257e+00   ,-43.556  ,6  ,13.846
72980  ,5.259e+00   ,-43.556  ,6  ,13.077
72981  ,5.113e+00   ,-42.778  ,6  ,14.615
72987  ,5.260e+00   ,-43.556  ,6  ,12.308
72988  ,5.261e+00   ,-43.556  ,6  ,11.538
72989  ,5.117e+00   ,-42.778  ,6  ,13.077
72995  ,5.261e+00   ,-43.556  ,6  ,10.769
72996  ,5.261e+00   ,-43.556  ,6  ,10
72997  ,5.119e+00   ,-42.778  ,6  ,11.538
73002  ,5.261e+00   ,-43.556  ,6  ,9.2308
73003  ,5.261e+00   ,-43.556  ,6  ,8.4615
73004  ,5.120e+00   ,-42.778  ,6  ,10
73010  ,5.260e+00   ,-43.556  ,6  ,7.6923
73011  ,5.259e+00   ,-43.556  ,6  ,6.9231
73012  ,5.119e+00   ,-42.778  ,6  ,8.4615
73016  ,5.257e+00   ,-43.556  ,6  ,6.1538
73017  ,5.255e+00   ,-43.556  ,6  ,5.3846
73018  ,5.117e+00   ,-42.778  ,6  ,6.9231
73022  ,5.253e+00   ,-43.556  ,6  ,4.6154
73023  ,5.250e+00   ,-43.556  ,6  ,3.8462
73024  ,5.113e+00   ,-42.778  ,6  ,5.3846
73029  ,5.247e+00   ,-43.556  ,6  ,3.0769
73030  ,5.243e+00   ,-43.556  ,6  ,2.3077
73031  ,5.108e+00   ,-42.778  ,6  ,3.8462
73036  ,5.239e+00   ,-43.556  ,6  ,1.5385
73037  ,5.101e+00   ,-42.778  ,6  ,2.3077
73042  ,4.956e+00   ,-42  ,6  ,18.462
73043  ,4.960e+00   ,-42  ,6  ,17.692
73048  ,4.964e+00   ,-42  ,6  ,16.923
73049  ,4.967e+00   ,-42  ,6  ,16.154
73050  ,4.821e+00   ,-41.222  ,6  ,17.692
73055  ,4.970e+00   ,-42  ,6  ,15.385
73056  ,4.973e+00   ,-42  ,6  ,14.615
73057  ,4.828e+00   ,-41.222  ,6  ,16.154
73065  ,4.975e+00   ,-42  ,6  ,13.846
73066  ,4.977e+00   ,-42  ,6  ,13.077
73067  ,4.834e+00   ,-41.222  ,6  ,14.615
73073  ,4.978e+00   ,-42  ,6  ,12.308
73074  ,4.979e+00   ,-42  ,6  ,11.538
73075  ,4.838e+00   ,-41.222  ,6  ,13.077
73080  ,4.980e+00   ,-42  ,6  ,10.769
73081  ,4.980e+00   ,-42  ,6  ,10
73082  ,4.840e+00   ,-41.222  ,6  ,11.538
73088  ,4.980e+00   ,-42  ,6  ,9.2308
73089  ,4.979e+00   ,-42  ,6  ,8.4615
73090  ,4.841e+00   ,-41.222  ,6  ,10
73098  ,4.978e+00   ,-42  ,6  ,7.6923
73099  ,4.977e+00   ,-42  ,6  ,6.9231
73100  ,4.840e+00   ,-41.222  ,6  ,8.4615
73106  ,4.975e+00   ,-42  ,6  ,6.1538
73107  ,4.973e+00   ,-42  ,6  ,5.3846
73108  ,4.838e+00   ,-41.222  ,6  ,6.9231
73113  ,4.971e+00   ,-42  ,6  ,4.6154
73114  ,4.968e+00   ,-42  ,6  ,3.8462
73115  ,4.834e+00   ,-41.222  ,6  ,5.3846
73120  ,4.964e+00   ,-42  ,6  ,3.0769
73121  ,4.960e+00   ,-42  ,6  ,2.3077
73122  ,4.828e+00   ,-41.222  ,6  ,3.8462
73128  ,4.956e+00   ,-42  ,6  ,1.5385
73129  ,4.821e+00   ,-41.222  ,6  ,2.3077
73134  ,4.678e+00   ,-40.444  ,6  ,18.462
73135  ,4.683e+00   ,-40.444  ,6  ,17.692
73140  ,4.687e+00   ,-40.444  ,6  ,16.923
73141  ,4.690e+00   ,-40.444  ,6  ,16.154
73142  ,4.546e+00   ,-39.667  ,6  ,17.692
73146  ,4.693e+00   ,-40.444  ,6  ,15.385
73147  ,4.696e+00   ,-40.444  ,6  ,14.615
73148  ,4.554e+00   ,-39.667  ,6  ,16.154
73154  ,4.698e+00   ,-40.444  ,6  ,13.846
73155  ,4.700e+00   ,-40.444  ,6  ,13.077
73156  ,4.560e+00   ,-39.667  ,6  ,14.615
73161  ,4.702e+00   ,-40.444  ,6  ,12.308
73162  ,4.703e+00   ,-40.444  ,6  ,11.538
73163  ,4.564e+00   ,-39.667  ,6  ,13.077
73169  ,4.703e+00   ,-40.444  ,6  ,10.769
73170  ,4.703e+00   ,-40.444  ,6  ,10
73171  ,4.566e+00   ,-39.667  ,6  ,11.538
73177  ,4.703e+00   ,-40.444  ,6  ,9.2308
73178  ,4.703e+00   ,-40.444  ,6  ,8.4615
73179  ,4.567e+00   ,-39.667  ,6  ,10
73185  ,4.702e+00   ,-40.444  ,6  ,7.6923
73186  ,4.700e+00   ,-40.444  ,6  ,6.9231
73187  ,4.566e+00   ,-39.667  ,6  ,8.4615
73192  ,4.698e+00   ,-40.444  ,6  ,6.1538
73193  ,4.696e+00   ,-40.444  ,6  ,5.3846
73194  ,4.564e+00   ,-39.667  ,6  ,6.9231
73199  ,4.694e+00   ,-40.444  ,6  ,4.6154
73200  ,4.691e+00   ,-40.444  ,6  ,3.8462
73201  ,4.560e+00   ,-39.667  ,6  ,5.3846
73206  ,4.687e+00   ,-40.444  ,6  ,3.0769
73207  ,4.683e+00   ,-40.444  ,6  ,2.3077
73208  ,4.554e+00   ,-39.667  ,6  ,3.8462
73214  ,4.679e+00   ,-40.444  ,6  ,1.5385
73215  ,4.546e+00   ,-39.667  ,6  ,2.3077
73220  ,4.406e+00   ,-38.889  ,6  ,18.462
73221  ,4.411e+00   ,-38.889  ,6  ,17.692
73226  ,4.415e+00   ,-38.889  ,6  ,16.923
73227  ,4.419e+00   ,-38.889  ,6  ,16.154
73228  ,4.277e+00   ,-38.111  ,6  ,17.692
73233  ,4.422e+00   ,-38.889  ,6  ,15.385
73234  ,4.425e+00   ,-38.889  ,6  ,14.615
73235  ,4.285e+00   ,-38.111  ,6  ,16.154
73242  ,4.427e+00   ,-38.889  ,6  ,13.846
73243  ,4.429e+00   ,-38.889  ,6  ,13.077
73244  ,4.291e+00   ,-38.111  ,6  ,14.615
73249  ,4.431e+00   ,-38.889  ,6  ,12.308
73250  ,4.432e+00   ,-38.889  ,6  ,11.538
73251  ,4.296e+00   ,-38.111  ,6  ,13.077
73257  ,4.432e+00   ,-38.889  ,6  ,10.769
73258  ,4.432e+00   ,-38.889  ,6  ,10
73259  ,4.298e+00   ,-38.111  ,6  ,11.538
73265  ,4.432e+00   ,-38.889  ,6  ,9.2308
73266  ,4.432e+00   ,-38.889  ,6  ,8.4615
73267  ,4.299e+00   ,-38.111  ,6  ,10
73273  ,4.431e+00   ,-38.889  ,6  ,7.6923
73274  ,4.429e+00   ,-38.889  ,6  ,6.9231
73275  ,4.298e+00   ,-38.111  ,6  ,8.4615
73281  ,4.427e+00   ,-38.889  ,6  ,6.1538
73282  ,4.425e+00   ,-38.889  ,6  ,5.3846
73283  ,4.296e+00   ,-38.111  ,6  ,6.9231
73288  ,4.422e+00   ,-38.889  ,6  ,4.6154
73289  ,4.419e+00   ,-38.889  ,6  ,3.8462
73290  ,4.291e+00   ,-38.111  ,6  ,5.3846
73295  ,4.415e+00   ,-38.889  ,6  ,3.0769
73296  ,4.411e+00   ,-38.889  ,6  ,2.3077
73297  ,4.285e+00   ,-38.111  ,6  ,3.8462
73302  ,4.406e+00   ,-38.889  ,6  ,1.5385
73303  ,4.277e+00   ,-38.111  ,6  ,2.3077
73308  ,4.140e+00   ,-37.333  ,6  ,18.462
73309  ,4.145e+00   ,-37.333  ,6  ,17.692
73314  ,4.149e+00   ,-37.333  ,6  ,16.923
73315  ,4.153e+00   ,-37.333  ,6  ,16.154
73316  ,4.014e+00   ,-36.556  ,6  ,17.692
73321  ,4.156e+00   ,-37.333  ,6  ,15.385
73322  ,4.159e+00   ,-37.333  ,6  ,14.615
73323  ,4.022e+00   ,-36.556  ,6  ,16.154
73330  ,4.162e+00   ,-37.333  ,6  ,13.846
73331  ,4.164e+00   ,-37.333  ,6  ,13.077
73332  ,4.028e+00   ,-36.556  ,6  ,14.615
73337  ,4.165e+00   ,-37.333  ,6  ,12.308
73338  ,4.166e+00   ,-37.333  ,6  ,11.538
73339  ,4.033e+00   ,-36.556  ,6  ,13.077
73344  ,4.167e+00   ,-37.333  ,6  ,10.769
73345  ,4.167e+00   ,-37.333  ,6  ,10
73346  ,4.036e+00   ,-36.556  ,6  ,11.538
73352  ,4.167e+00   ,-37.333  ,6  ,9.2308
73353  ,4.166e+00   ,-37.333  ,6  ,8.4615
73354  ,4.037e+00   ,-36.556  ,6  ,10
73360  ,4.165e+00   ,-37.333  ,6  ,7.6923
73361  ,4.164e+00   ,-37.333  ,6  ,6.9231
73362  ,4.036e+00   ,-36.556  ,6  ,8.4615
73368  ,4.162e+00   ,-37.333  ,6  ,6.1538
73369  ,4.159e+00   ,-37.333  ,6  ,5.3846
73370  ,4.033e+00   ,-36.556  ,6  ,6.9231
73375  ,4.156e+00   ,-37.333  ,6  ,4.6154
73376  ,4.153e+00   ,-37.333  ,6  ,3.8462
73377  ,4.029e+00   ,-36.556  ,6  ,5.3846
73382  ,4.149e+00   ,-37.333  ,6  ,3.0769
73383  ,4.145e+00   ,-37.333  ,6  ,2.3077
73384  ,4.022e+00   ,-36.556  ,6  ,3.8462
73389  ,4.140e+00   ,-37.333  ,6  ,1.5385
73390  ,4.014e+00   ,-36.556  ,6  ,2.3077
73400  ,2.436e-01   ,-2.3333  ,6  ,17.692
73407  ,2.447e-01   ,-2.3333  ,6  ,16.154
73414  ,2.468e-01   ,-2.3333  ,6  ,14.615
73419  ,2.484e-01   ,-2.3333  ,6  ,13.077
73424  ,2.492e-01   ,-2.3333  ,6  ,11.538
73429  ,2.498e-01   ,-2.3333  ,6  ,10
73435  ,2.493e-01   ,-2.3333  ,6  ,8.4615
73442  ,2.486e-01   ,-2.3333  ,6  ,6.9231
73448  ,2.468e-01   ,-2.3333  ,6  ,5.3846
73454  ,2.449e-01   ,-2.3333  ,6  ,3.8462
73459  ,2.434e-01   ,-2.3333  ,6  ,2.3077
73465  ,2.780e-01   ,-3.1111  ,6  ,18.462
73470  ,2.792e-01   ,-3.1111  ,6  ,17.692
73471  ,2.805e-01   ,-3.1111  ,6  ,16.923
73472  ,3.165e-01   ,-3.8889  ,6  ,17.692
73477  ,2.818e-01   ,-3.1111  ,6  ,16.154
73478  ,2.831e-01   ,-3.1111  ,6  ,15.385
73479  ,3.204e-01   ,-3.8889  ,6  ,16.154
73485  ,2.845e-01   ,-3.1111  ,6  ,14.615
73486  ,2.855e-01   ,-3.1111  ,6  ,13.846
73487  ,3.238e-01   ,-3.8889  ,6  ,14.615
73493  ,2.866e-01   ,-3.1111  ,6  ,13.077
73494  ,2.873e-01   ,-3.1111  ,6  ,12.308
73495  ,3.264e-01   ,-3.8889  ,6  ,13.077
73502  ,2.879e-01   ,-3.1111  ,6  ,11.538
73503  ,2.882e-01   ,-3.1111  ,6  ,10.769
73504  ,3.282e-01   ,-3.8889  ,6  ,11.538
73513  ,2.883e-01   ,-3.1111  ,6  ,10
73514  ,2.882e-01   ,-3.1111  ,6  ,9.2308
73515  ,3.287e-01   ,-3.8889  ,6  ,10
73522  ,2.879e-01   ,-3.1111  ,6  ,8.4615
73523  ,2.875e-01   ,-3.1111  ,6  ,7.6923
73524  ,3.282e-01   ,-3.8889  ,6  ,8.4615
73530  ,2.866e-01   ,-3.1111  ,6  ,6.9231
73531  ,2.855e-01   ,-3.1111  ,6  ,6.1538
73532  ,3.265e-01   ,-3.8889  ,6  ,6.9231
73537  ,2.845e-01   ,-3.1111  ,6  ,5.3846
73538  ,2.831e-01   ,-3.1111  ,6  ,4.6154
73539  ,3.238e-01   ,-3.8889  ,6  ,5.3846
73544  ,2.818e-01   ,-3.1111  ,6  ,3.8462
73545  ,2.804e-01   ,-3.1111  ,6  ,3.0769
73546  ,3.203e-01   ,-3.8889  ,6  ,3.8462
73552  ,2.791e-01   ,-3.1111  ,6  ,2.3077
73553  ,2.778e-01   ,-3.1111  ,6  ,1.5385
73554  ,3.164e-01   ,-3.8889  ,6  ,2.3077
73560  ,3.531e-01   ,-4.6667  ,6  ,18.462
73565  ,3.559e-01   ,-4.6667  ,6  ,17.692
73566  ,3.585e-01   ,-4.6667  ,6  ,16.923
73567  ,3.976e-01   ,-5.4444  ,6  ,17.692
73572  ,3.609e-01   ,-4.6667  ,6  ,16.154
73573  ,3.631e-01   ,-4.6667  ,6  ,15.385
73574  ,4.036e-01   ,-5.4444  ,6  ,16.154
73580  ,3.650e-01   ,-4.6667  ,6  ,14.615
73581  ,3.667e-01   ,-4.6667  ,6  ,13.846
73582  ,4.084e-01   ,-5.4444  ,6  ,14.615
73587  ,3.681e-01   ,-4.6667  ,6  ,13.077
73588  ,3.692e-01   ,-4.6667  ,6  ,12.308
73589  ,4.119e-01   ,-5.4444  ,6  ,13.077
73594  ,3.700e-01   ,-4.6667  ,6  ,11.538
73595  ,3.705e-01   ,-4.6667  ,6  ,10.769
73596  ,4.141e-01   ,-5.4444  ,6  ,11.538
73602  ,3.707e-01   ,-4.6667  ,6  ,10
73603  ,3.705e-01   ,-4.6667  ,6  ,9.2308
73604  ,4.148e-01   ,-5.4444  ,6  ,10
73609  ,3.700e-01   ,-4.6667  ,6  ,8.4615
73610  ,3.693e-01   ,-4.6667  ,6  ,7.6923
73611  ,4.141e-01   ,-5.4444  ,6  ,8.4615
73617  ,3.681e-01   ,-4.6667  ,6  ,6.9231
73618  ,3.667e-01   ,-4.6667  ,6  ,6.1538
73619  ,4.119e-01   ,-5.4444  ,6  ,6.9231
73624  ,3.650e-01   ,-4.6667  ,6  ,5.3846
73625  ,3.630e-01   ,-4.6667  ,6  ,4.6154
73626  ,4.084e-01   ,-5.4444  ,6  ,5.3846
73631  ,3.608e-01   ,-4.6667  ,6  ,3.8462
73632  ,3.584e-01   ,-4.6667  ,6  ,3.0769
73633  ,4.036e-01   ,-5.4444  ,6  ,3.8462
73639  ,3.558e-01   ,-4.6667  ,6  ,2.3077
73640  ,3.530e-01   ,-4.6667  ,6  ,1.5385
73641  ,3.976e-01   ,-5.4444  ,6  ,2.3077
73647  ,4.378e-01   ,-6.2222  ,6  ,18.462
73652  ,4.418e-01   ,-6.2222  ,6  ,17.692
73653  ,4.454e-01   ,-6.2222  ,6  ,16.923
73654  ,4.884e-01   ,-7  ,6  ,17.692
73659  ,4.486e-01   ,-6.2222  ,6  ,16.154
73660  ,4.515e-01   ,-6.2222  ,6  ,15.385
73661  ,4.961e-01   ,-7  ,6  ,16.154
73667  ,4.541e-01   ,-6.2222  ,6  ,14.615
73668  ,4.562e-01   ,-6.2222  ,6  ,13.846
73669  ,5.021e-01   ,-7  ,6  ,14.615
73674  ,4.580e-01   ,-6.2222  ,6  ,13.077
73675  ,4.593e-01   ,-6.2222  ,6  ,12.308
73676  ,5.063e-01   ,-7  ,6  ,13.077
73682  ,4.603e-01   ,-6.2222  ,6  ,11.538
73683  ,4.609e-01   ,-6.2222  ,6  ,10.769
73684  ,5.089e-01   ,-7  ,6  ,11.538
73690  ,4.611e-01   ,-6.2222  ,6  ,10
73691  ,4.609e-01   ,-6.2222  ,6  ,9.2308
73692  ,5.097e-01   ,-7  ,6  ,10
73697  ,4.603e-01   ,-6.2222  ,6  ,8.4615
73698  ,4.593e-01   ,-6.2222  ,6  ,7.6923
73699  ,5.089e-01   ,-7  ,6  ,8.4615
73706  ,4.580e-01   ,-6.2222  ,6  ,6.9231
73707  ,4.562e-01   ,-6.2222  ,6  ,6.1538
73708  ,5.063e-01   ,-7  ,6  ,6.9231
73713  ,4.541e-01   ,-6.2222  ,6  ,5.3846
73714  ,4.515e-01   ,-6.2222  ,6  ,4.6154
73715  ,5.021e-01   ,-7  ,6  ,5.3846
73720  ,4.486e-01   ,-6.2222  ,6  ,3.8462
73721  ,4.454e-01   ,-6.2222  ,6  ,3.0769
73722  ,4.961e-01   ,-7  ,6  ,3.8462
73728  ,4.417e-01   ,-6.2222  ,6  ,2.3077
73729  ,4.377e-01   ,-6.2222  ,6  ,1.5385
73730  ,4.884e-01   ,-7  ,6  ,2.3077
73736  ,5.328e-01   ,-7.7778  ,6  ,18.462
73741  ,5.377e-01   ,-7.7778  ,6  ,17.692
73742  ,5.421e-01   ,-7.7778  ,6  ,16.923
73743  ,5.896e-01   ,-8.5556  ,6  ,17.692
73748  ,5.460e-01   ,-7.7778  ,6  ,16.154
73749  ,5.495e-01   ,-7.7778  ,6  ,15.385
73750  ,5.985e-01   ,-8.5556  ,6  ,16.154
73757  ,5.525e-01   ,-7.7778  ,6  ,14.615
73758  ,5.550e-01   ,-7.7778  ,6  ,13.846
73759  ,6.053e-01   ,-8.5556  ,6  ,14.615
73764  ,5.570e-01   ,-7.7778  ,6  ,13.077
73765  ,5.586e-01   ,-7.7778  ,6  ,12.308
73766  ,6.102e-01   ,-8.5556  ,6  ,13.077
73772  ,5.598e-01   ,-7.7778  ,6  ,11.538
73773  ,5.604e-01   ,-7.7778  ,6  ,10.769
73774  ,6.130e-01   ,-8.5556  ,6  ,11.538
73781  ,5.607e-01   ,-7.7778  ,6  ,10
73782  ,5.604e-01   ,-7.7778  ,6  ,9.2308
73783  ,6.140e-01   ,-8.5556  ,6  ,10
73788  ,5.598e-01   ,-7.7778  ,6  ,8.4615
73789  ,5.586e-01   ,-7.7778  ,6  ,7.6923
73790  ,6.131e-01   ,-8.5556  ,6  ,8.4615
73794  ,5.570e-01   ,-7.7778  ,6  ,6.9231
73795  ,5.550e-01   ,-7.7778  ,6  ,6.1538
73796  ,6.102e-01   ,-8.5556  ,6  ,6.9231
73800  ,5.525e-01   ,-7.7778  ,6  ,5.3846
73801  ,5.495e-01   ,-7.7778  ,6  ,4.6154
73802  ,6.053e-01   ,-8.5556  ,6  ,5.3846
73807  ,5.460e-01   ,-7.7778  ,6  ,3.8462
73808  ,5.421e-01   ,-7.7778  ,6  ,3.0769
73809  ,5.985e-01   ,-8.5556  ,6  ,3.8462
73815  ,5.377e-01   ,-7.7778  ,6  ,2.3077
73816  ,5.328e-01   ,-7.7778  ,6  ,1.5385
73817  ,5.896e-01   ,-8.5556  ,6  ,2.3077
73823  ,6.385e-01   ,-9.3333  ,6  ,18.462
73828  ,6.441e-01   ,-9.3333  ,6  ,17.692
73829  ,6.490e-01   ,-9.3333  ,6  ,16.923
73830  ,7.011e-01   ,-10.111  ,6  ,17.692
73836  ,6.534e-01   ,-9.3333  ,6  ,16.154
73837  ,6.573e-01   ,-9.3333  ,6  ,15.385
73838  ,7.109e-01   ,-10.111  ,6  ,16.154
73846  ,6.606e-01   ,-9.3333  ,6  ,14.615
73847  ,6.634e-01   ,-9.3333  ,6  ,13.846
73848  ,7.184e-01   ,-10.111  ,6  ,14.615
73854  ,6.657e-01   ,-9.3333  ,6  ,13.077
73855  ,6.675e-01   ,-9.3333  ,6  ,12.308
73856  ,7.237e-01   ,-10.111  ,6  ,13.077
73861  ,6.687e-01   ,-9.3333  ,6  ,11.538
73862  ,6.695e-01   ,-9.3333  ,6  ,10.769
73863  ,7.269e-01   ,-10.111  ,6  ,11.538
73872  ,6.698e-01   ,-9.3333  ,6  ,10
73873  ,6.695e-01   ,-9.3333  ,6  ,9.2308
73874  ,7.279e-01   ,-10.111  ,6  ,10
73880  ,6.688e-01   ,-9.3333  ,6  ,8.4615
73881  ,6.675e-01   ,-9.3333  ,6  ,7.6923
73882  ,7.269e-01   ,-10.111  ,6  ,8.4615
73888  ,6.657e-01   ,-9.3333  ,6  ,6.9231
73889  ,6.634e-01   ,-9.3333  ,6  ,6.1538
73890  ,7.237e-01   ,-10.111  ,6  ,6.9231
73896  ,6.606e-01   ,-9.3333  ,6  ,5.3846
73897  ,6.573e-01   ,-9.3333  ,6  ,4.6154
73898  ,7.184e-01   ,-10.111  ,6  ,5.3846
73903  ,6.535e-01   ,-9.3333  ,6  ,3.8462
73904  ,6.491e-01   ,-9.3333  ,6  ,3.0769
73905  ,7.110e-01   ,-10.111  ,6  ,3.8462
73911  ,6.441e-01   ,-9.3333  ,6  ,2.3077
73912  ,6.386e-01   ,-9.3333  ,6  ,1.5385
73913  ,7.012e-01   ,-10.111  ,6  ,2.3077
73919  ,7.549e-01   ,-10.889  ,6  ,18.462
73924  ,7.608e-01   ,-10.889  ,6  ,17.692
73925  ,7.662e-01   ,-10.889  ,6  ,16.923
73926  ,8.231e-01   ,-11.667  ,6  ,17.692
73930  ,7.709e-01   ,-10.889  ,6  ,16.154
73931  ,7.751e-01   ,-10.889  ,6  ,15.385
73932  ,8.335e-01   ,-11.667  ,6  ,16.154
73937  ,7.787e-01   ,-10.889  ,6  ,14.615
73938  ,7.817e-01   ,-10.889  ,6  ,13.846
73939  ,8.415e-01   ,-11.667  ,6  ,14.615
73945  ,7.842e-01   ,-10.889  ,6  ,13.077
73946  ,7.861e-01   ,-10.889  ,6  ,12.308
73947  ,8.471e-01   ,-11.667  ,6  ,13.077
73953  ,7.874e-01   ,-10.889  ,6  ,11.538
73954  ,7.883e-01   ,-10.889  ,6  ,10.769
73955  ,8.505e-01   ,-11.667  ,6  ,11.538
73961  ,7.885e-01   ,-10.889  ,6  ,10
73962  ,7.883e-01   ,-10.889  ,6  ,9.2308
73963  ,8.516e-01   ,-11.667  ,6  ,10
73970  ,7.875e-01   ,-10.889  ,6  ,8.4615
73971  ,7.861e-01   ,-10.889  ,6  ,7.6923
73972  ,8.505e-01   ,-11.667  ,6  ,8.4615
73978  ,7.842e-01   ,-10.889  ,6  ,6.9231
73979  ,7.817e-01   ,-10.889  ,6  ,6.1538
73980  ,8.471e-01   ,-11.667  ,6  ,6.9231
73985  ,7.787e-01   ,-10.889  ,6  ,5.3846
73986  ,7.751e-01   ,-10.889  ,6  ,4.6154
73987  ,8.415e-01   ,-11.667  ,6  ,5.3846
73992  ,7.710e-01   ,-10.889  ,6  ,3.8462
73993  ,7.662e-01   ,-10.889  ,6  ,3.0769
73994  ,8.336e-01   ,-11.667  ,6  ,3.8462
74000  ,7.609e-01   ,-10.889  ,6  ,2.3077
74001  ,7.549e-01   ,-10.889  ,6  ,1.5385
74002  ,8.232e-01   ,-11.667  ,6  ,2.3077
74008  ,8.817e-01   ,-12.444  ,6  ,18.462
74013  ,8.880e-01   ,-12.444  ,6  ,17.692
74014  ,8.936e-01   ,-12.444  ,6  ,16.923
74015  ,9.554e-01   ,-13.222  ,6  ,17.692
74021  ,8.986e-01   ,-12.444  ,6  ,16.154
74022  ,9.029e-01   ,-12.444  ,6  ,15.385
74023  ,9.662e-01   ,-13.222  ,6  ,16.154
74031  ,9.067e-01   ,-12.444  ,6  ,14.615
74032  ,9.099e-01   ,-12.444  ,6  ,13.846
74033  ,9.744e-01   ,-13.222  ,6  ,14.615
74038  ,9.125e-01   ,-12.444  ,6  ,13.077
74039  ,9.145e-01   ,-12.444  ,6  ,12.308
74040  ,9.803e-01   ,-13.222  ,6  ,13.077
74044  ,9.159e-01   ,-12.444  ,6  ,11.538
74045  ,9.168e-01   ,-12.444  ,6  ,10.769
74046  ,9.838e-01   ,-13.222  ,6  ,11.538
74051  ,9.171e-01   ,-12.444  ,6  ,10
74052  ,9.168e-01   ,-12.444  ,6  ,9.2308
74053  ,9.850e-01   ,-13.222  ,6  ,10
74059  ,9.159e-01   ,-12.444  ,6  ,8.4615
74060  ,9.145e-01   ,-12.444  ,6  ,7.6923
74061  ,9.838e-01   ,-13.222  ,6  ,8.4615
74066  ,9.125e-01   ,-12.444  ,6  ,6.9231
74067  ,9.099e-01   ,-12.444  ,6  ,6.1538
74068  ,9.803e-01   ,-13.222  ,6  ,6.9231
74072  ,9.068e-01   ,-12.444  ,6  ,5.3846
74073  ,9.030e-01   ,-12.444  ,6  ,4.6154
74074  ,9.745e-01   ,-13.222  ,6  ,5.3846
74079  ,8.986e-01   ,-12.444  ,6  ,3.8462
74080  ,8.937e-01   ,-12.444  ,6  ,3.0769
74081  ,9.662e-01   ,-13.222  ,6  ,3.8462
74087  ,8.880e-01   ,-12.444  ,6  ,2.3077
74088  ,8.818e-01   ,-12.444  ,6  ,1.5385
74089  ,9.555e-01   ,-13.222  ,6  ,2.3077
74095  ,1.019e+00   ,-14  ,6  ,18.462
74100  ,1.025e+00   ,-14  ,6  ,17.692
74101  ,1.031e+00   ,-14  ,6  ,16.923
74102  ,1.098e+00   ,-14.778  ,6  ,17.692
74107  ,1.036e+00   ,-14  ,6  ,16.154
74108  ,1.041e+00   ,-14  ,6  ,15.385
74109  ,1.109e+00   ,-14.778  ,6  ,16.154
74115  ,1.045e+00   ,-14  ,6  ,14.615
74116  ,1.048e+00   ,-14  ,6  ,13.846
74117  ,1.117e+00   ,-14.778  ,6  ,14.615
74123  ,1.051e+00   ,-14  ,6  ,13.077
74124  ,1.053e+00   ,-14  ,6  ,12.308
74125  ,1.123e+00   ,-14.778  ,6  ,13.077
74133  ,1.054e+00   ,-14  ,6  ,11.538
74134  ,1.055e+00   ,-14  ,6  ,10.769
74135  ,1.127e+00   ,-14.778  ,6  ,11.538
74141  ,1.055e+00   ,-14  ,6  ,10
74142  ,1.055e+00   ,-14  ,6  ,9.2308
74143  ,1.128e+00   ,-14.778  ,6  ,10
74148  ,1.054e+00   ,-14  ,6  ,8.4615
74149  ,1.053e+00   ,-14  ,6  ,7.6923
74150  ,1.127e+00   ,-14.778  ,6  ,8.4615
74155  ,1.051e+00   ,-14  ,6  ,6.9231
74156  ,1.048e+00   ,-14  ,6  ,6.1538
74157  ,1.123e+00   ,-14.778  ,6  ,6.9231
74163  ,1.045e+00   ,-14  ,6  ,5.3846
74164  ,1.041e+00   ,-14  ,6  ,4.6154
74165  ,1.117e+00   ,-14.778  ,6  ,5.3846
74170  ,1.036e+00   ,-14  ,6  ,3.8462
74171  ,1.031e+00   ,-14  ,6  ,3.0769
74172  ,1.109e+00   ,-14.778  ,6  ,3.8462
74178  ,1.025e+00   ,-14  ,6  ,2.3077
74179  ,1.019e+00   ,-14  ,6  ,1.5385
74180  ,1.098e+00   ,-14.778  ,6  ,2.3077
74186  ,1.166e+00   ,-15.556  ,6  ,18.462
74191  ,1.173e+00   ,-15.556  ,6  ,17.692
74192  ,1.179e+00   ,-15.556  ,6  ,16.923
74193  ,1.250e+00   ,-16.333  ,6  ,17.692
74198  ,1.184e+00   ,-15.556  ,6  ,16.154
74199  ,1.188e+00   ,-15.556  ,6  ,15.385
74200  ,1.261e+00   ,-16.333  ,6  ,16.154
74206  ,1.192e+00   ,-15.556  ,6  ,14.615
74207  ,1.196e+00   ,-15.556  ,6  ,13.846
74208  ,1.270e+00   ,-16.333  ,6  ,14.615
74213  ,1.198e+00   ,-15.556  ,6  ,13.077
74214  ,1.200e+00   ,-15.556  ,6  ,12.308
74215  ,1.276e+00   ,-16.333  ,6  ,13.077
74222  ,1.202e+00   ,-15.556  ,6  ,11.538
74223  ,1.203e+00   ,-15.556  ,6  ,10.769
74224  ,1.279e+00   ,-16.333  ,6  ,11.538
74229  ,1.203e+00   ,-15.556  ,6  ,10
74230  ,1.203e+00   ,-15.556  ,6  ,9.2308
74231  ,1.281e+00   ,-16.333  ,6  ,10
74237  ,1.202e+00   ,-15.556  ,6  ,8.4615
74238  ,1.200e+00   ,-15.556  ,6  ,7.6923
74239  ,1.279e+00   ,-16.333  ,6  ,8.4615
74245  ,1.198e+00   ,-15.556  ,6  ,6.9231
74246  ,1.196e+00   ,-15.556  ,6  ,6.1538
74247  ,1.276e+00   ,-16.333  ,6  ,6.9231
74252  ,1.192e+00   ,-15.556  ,6  ,5.3846
74253  ,1.188e+00   ,-15.556  ,6  ,4.6154
74254  ,1.270e+00   ,-16.333  ,6  ,5.3846
74259  ,1.184e+00   ,-15.556  ,6  ,3.8462
74260  ,1.179e+00   ,-15.556  ,6  ,3.0769
74261  ,1.261e+00   ,-16.333  ,6  ,3.8462
74267  ,1.173e+00   ,-15.556  ,6  ,2.3077
74268  ,1.166e+00   ,-15.556  ,6  ,1.5385
74269  ,1.250e+00   ,-16.333  ,6  ,2.3077
74275  ,1.323e+00   ,-17.111  ,6  ,18.462
74280  ,1.330e+00   ,-17.111  ,6  ,17.692
74281  ,1.336e+00   ,-17.111  ,6  ,16.923
74282  ,1.412e+00   ,-17.889  ,6  ,17.692
74287  ,1.341e+00   ,-17.111  ,6  ,16.154
74288  ,1.346e+00   ,-17.111  ,6  ,15.385
74289  ,1.423e+00   ,-17.889  ,6  ,16.154
74295  ,1.350e+00   ,-17.111  ,6  ,14.615
74296  ,1.353e+00   ,-17.111  ,6  ,13.846
74297  ,1.432e+00   ,-17.889  ,6  ,14.615
74305  ,1.356e+00   ,-17.111  ,6  ,13.077
74306  ,1.358e+00   ,-17.111  ,6  ,12.308
74307  ,1.438e+00   ,-17.889  ,6  ,13.077
74313  ,1.359e+00   ,-17.111  ,6  ,11.538
74314  ,1.360e+00   ,-17.111  ,6  ,10.769
74315  ,1.441e+00   ,-17.889  ,6  ,11.538
74320  ,1.361e+00   ,-17.111  ,6  ,10
74321  ,1.360e+00   ,-17.111  ,6  ,9.2308
74322  ,1.443e+00   ,-17.889  ,6  ,10
74327  ,1.359e+00   ,-17.111  ,6  ,8.4615
74328  ,1.358e+00   ,-17.111  ,6  ,7.6923
74329  ,1.441e+00   ,-17.889  ,6  ,8.4615
74335  ,1.356e+00   ,-17.111  ,6  ,6.9231
74336  ,1.353e+00   ,-17.111  ,6  ,6.1538
74337  ,1.438e+00   ,-17.889  ,6  ,6.9231
74342  ,1.350e+00   ,-17.111  ,6  ,5.3846
74343  ,1.346e+00   ,-17.111  ,6  ,4.6154
74344  ,1.432e+00   ,-17.889  ,6  ,5.3846
74349  ,1.341e+00   ,-17.111  ,6  ,3.8462
74350  ,1.336e+00   ,-17.111  ,6  ,3.0769
74351  ,1.423e+00   ,-17.889  ,6  ,3.8462
74357  ,1.330e+00   ,-17.111  ,6  ,2.3077
74358  ,1.323e+00   ,-17.111  ,6  ,1.5385
74359  ,1.412e+00   ,-17.889  ,6  ,2.3077
74365  ,1.490e+00   ,-18.667  ,6  ,18.462
74370  ,1.496e+00   ,-18.667  ,6  ,17.692
74371  ,1.502e+00   ,-18.667  ,6  ,16.923
74372  ,1.583e+00   ,-19.444  ,6  ,17.692
74377  ,1.508e+00   ,-18.667  ,6  ,16.154
74378  ,1.512e+00   ,-18.667  ,6  ,15.385
74379  ,1.594e+00   ,-19.444  ,6  ,16.154
74385  ,1.516e+00   ,-18.667  ,6  ,14.615
74386  ,1.520e+00   ,-18.667  ,6  ,13.846
74387  ,1.603e+00   ,-19.444  ,6  ,14.615
74393  ,1.522e+00   ,-18.667  ,6  ,13.077
74394  ,1.524e+00   ,-18.667  ,6  ,12.308
74395  ,1.609e+00   ,-19.444  ,6  ,13.077
74400  ,1.526e+00   ,-18.667  ,6  ,11.538
74401  ,1.527e+00   ,-18.667  ,6  ,10.769
74402  ,1.613e+00   ,-19.444  ,6  ,11.538
74407  ,1.527e+00   ,-18.667  ,6  ,10
74408  ,1.527e+00   ,-18.667  ,6  ,9.2308
74409  ,1.614e+00   ,-19.444  ,6  ,10
74414  ,1.526e+00   ,-18.667  ,6  ,8.4615
74415  ,1.524e+00   ,-18.667  ,6  ,7.6923
74416  ,1.613e+00   ,-19.444  ,6  ,8.4615
74422  ,1.522e+00   ,-18.667  ,6  ,6.9231
74423  ,1.520e+00   ,-18.667  ,6  ,6.1538
74424  ,1.609e+00   ,-19.444  ,6  ,6.9231
74429  ,1.516e+00   ,-18.667  ,6  ,5.3846
74430  ,1.512e+00   ,-18.667  ,6  ,4.6154
74431  ,1.603e+00   ,-19.444  ,6  ,5.3846
74436  ,1.508e+00   ,-18.667  ,6  ,3.8462
74437  ,1.502e+00   ,-18.667  ,6  ,3.0769
74438  ,1.595e+00   ,-19.444  ,6  ,3.8462
74444  ,1.497e+00   ,-18.667  ,6  ,2.3077
74445  ,1.490e+00   ,-18.667  ,6  ,1.5385
74446  ,1.583e+00   ,-19.444  ,6  ,2.3077
74452  ,1.666e+00   ,-20.222  ,6  ,18.462
74457  ,1.672e+00   ,-20.222  ,6  ,17.692
74458  ,1.678e+00   ,-20.222  ,6  ,16.923
74459  ,1.764e+00   ,-21  ,6  ,17.692
74464  ,1.684e+00   ,-20.222  ,6  ,16.154
74465  ,1.688e+00   ,-20.222  ,6  ,15.385
74466  ,1.775e+00   ,-21  ,6  ,16.154
74472  ,1.692e+00   ,-20.222  ,6  ,14.615
74473  ,1.695e+00   ,-20.222  ,6  ,13.846
74474  ,1.783e+00   ,-21  ,6  ,14.615
74480  ,1.698e+00   ,-20.222  ,6  ,13.077
74481  ,1.700e+00   ,-20.222  ,6  ,12.308
74482  ,1.789e+00   ,-21  ,6  ,13.077
74489  ,1.702e+00   ,-20.222  ,6  ,11.538
74490  ,1.703e+00   ,-20.222  ,6  ,10.769
74491  ,1.793e+00   ,-21  ,6  ,11.538
74501  ,1.703e+00   ,-20.222  ,6  ,10
74502  ,1.703e+00   ,-20.222  ,6  ,9.2308
74503  ,1.794e+00   ,-21  ,6  ,10
74508  ,1.702e+00   ,-20.222  ,6  ,8.4615
74509  ,1.700e+00   ,-20.222  ,6  ,7.6923
74510  ,1.793e+00   ,-21  ,6  ,8.4615
74517  ,1.698e+00   ,-20.222  ,6  ,6.9231
74518  ,1.695e+00   ,-20.222  ,6  ,6.1538
74519  ,1.789e+00   ,-21  ,6  ,6.9231
74524  ,1.692e+00   ,-20.222  ,6  ,5.3846
74525  ,1.688e+00   ,-20.222  ,6  ,4.6154
74526  ,1.783e+00   ,-21  ,6  ,5.3846
74531  ,1.684e+00   ,-20.222  ,6  ,3.8462
74532  ,1.678e+00   ,-20.222  ,6  ,3.0769
74533  ,1.775e+00   ,-21  ,6  ,3.8462
74539  ,1.673e+00   ,-20.222  ,6  ,2.3077
74540  ,1.666e+00   ,-20.222  ,6  ,1.5385
74541  ,1.764e+00   ,-21  ,6  ,2.3077
74546  ,1.851e+00   ,-21.778  ,6  ,18.462
74551  ,1.857e+00   ,-21.778  ,6  ,17.692
74552  ,1.863e+00   ,-21.778  ,6  ,16.923
74553  ,1.953e+00   ,-22.556  ,6  ,17.692
74557  ,1.868e+00   ,-21.778  ,6  ,16.154
74558  ,1.873e+00   ,-21.778  ,6  ,15.385
74559  ,1.964e+00   ,-22.556  ,6  ,16.154
74563  ,1.877e+00   ,-21.778  ,6  ,14.615
74564  ,1.880e+00   ,-21.778  ,6  ,13.846
74565  ,1.972e+00   ,-22.556  ,6  ,14.615
74570  ,1.883e+00   ,-21.778  ,6  ,13.077
74571  ,1.885e+00   ,-21.778  ,6  ,12.308
74572  ,1.978e+00   ,-22.556  ,6  ,13.077
74576  ,1.886e+00   ,-21.778  ,6  ,11.538
74577  ,1.887e+00   ,-21.778  ,6  ,10.769
74578  ,1.982e+00   ,-22.556  ,6  ,11.538
74584  ,1.888e+00   ,-21.778  ,6  ,10
74585  ,1.887e+00   ,-21.778  ,6  ,9.2308
74586  ,1.983e+00   ,-22.556  ,6  ,10
74591  ,1.886e+00   ,-21.778  ,6  ,8.4615
74592  ,1.885e+00   ,-21.778  ,6  ,7.6923
74593  ,1.982e+00   ,-22.556  ,6  ,8.4615
74600  ,1.883e+00   ,-21.778  ,6  ,6.9231
74601  ,1.880e+00   ,-21.778  ,6  ,6.1538
74602  ,1.978e+00   ,-22.556  ,6  ,6.9231
74607  ,1.877e+00   ,-21.778  ,6  ,5.3846
74608  ,1.873e+00   ,-21.778  ,6  ,4.6154
74609  ,1.973e+00   ,-22.556  ,6  ,5.3846
74615  ,1.869e+00   ,-21.778  ,6  ,3.8462
74616  ,1.863e+00   ,-21.778  ,6  ,3.0769
74617  ,1.964e+00   ,-22.556  ,6  ,3.8462
74624  ,1.858e+00   ,-21.778  ,6  ,2.3077
74625  ,1.851e+00   ,-21.778  ,6  ,1.5385
74626  ,1.953e+00   ,-22.556  ,6  ,2.3077
74631  ,2.045e+00   ,-23.333  ,6  ,18.462
74636  ,2.051e+00   ,-23.333  ,6  ,17.692
74637  ,2.057e+00   ,-23.333  ,6  ,16.923
74638  ,2.151e+00   ,-24.111  ,6  ,17.692
74644  ,2.062e+00   ,-23.333  ,6  ,16.154
74645  ,2.066e+00   ,-23.333  ,6  ,15.385
74646  ,2.162e+00   ,-24.111  ,6  ,16.154
74653  ,2.070e+00   ,-23.333  ,6  ,14.615
74654  ,2.074e+00   ,-23.333  ,6  ,13.846
74655  ,2.170e+00   ,-24.111  ,6  ,14.615
74662  ,2.076e+00   ,-23.333  ,6  ,13.077
74663  ,2.078e+00   ,-23.333  ,6  ,12.308
74664  ,2.176e+00   ,-24.111  ,6  ,13.077
74669  ,2.080e+00   ,-23.333  ,6  ,11.538
74670  ,2.081e+00   ,-23.333  ,6  ,10.769
74671  ,2.180e+00   ,-24.111  ,6  ,11.538
74677  ,2.081e+00   ,-23.333  ,6  ,10
74678  ,2.081e+00   ,-23.333  ,6  ,9.2308
74679  ,2.181e+00   ,-24.111  ,6  ,10
74685  ,2.080e+00   ,-23.333  ,6  ,8.4615
74686  ,2.078e+00   ,-23.333  ,6  ,7.6923
74687  ,2.180e+00   ,-24.111  ,6  ,8.4615
74694  ,2.076e+00   ,-23.333  ,6  ,6.9231
74695  ,2.074e+00   ,-23.333  ,6  ,6.1538
74696  ,2.176e+00   ,-24.111  ,6  ,6.9231
74701  ,2.070e+00   ,-23.333  ,6  ,5.3846
74702  ,2.067e+00   ,-23.333  ,6  ,4.6154
74703  ,2.170e+00   ,-24.111  ,6  ,5.3846
74708  ,2.062e+00   ,-23.333  ,6  ,3.8462
74709  ,2.057e+00   ,-23.333  ,6  ,3.0769
74710  ,2.162e+00   ,-24.111  ,6  ,3.8462
74716  ,2.051e+00   ,-23.333  ,6  ,2.3077
74717  ,2.045e+00   ,-23.333  ,6  ,1.5385
74718  ,2.151e+00   ,-24.111  ,6  ,2.3077
74724  ,2.247e+00   ,-24.889  ,6  ,18.462
74729  ,2.254e+00   ,-24.889  ,6  ,17.692
74730  ,2.259e+00   ,-24.889  ,6  ,16.923
74731  ,2.358e+00   ,-25.667  ,6  ,17.692
74736  ,2.264e+00   ,-24.889  ,6  ,16.154
74737  ,2.268e+00   ,-24.889  ,6  ,15.385
74738  ,2.368e+00   ,-25.667  ,6  ,16.154
74745  ,2.272e+00   ,-24.889  ,6  ,14.615
74746  ,2.275e+00   ,-24.889  ,6  ,13.846
74747  ,2.376e+00   ,-25.667  ,6  ,14.615
74752  ,2.278e+00   ,-24.889  ,6  ,13.077
74753  ,2.280e+00   ,-24.889  ,6  ,12.308
74754  ,2.382e+00   ,-25.667  ,6  ,13.077
74759  ,2.281e+00   ,-24.889  ,6  ,11.538
74760  ,2.282e+00   ,-24.889  ,6  ,10.769
74761  ,2.385e+00   ,-25.667  ,6  ,11.538
74766  ,2.283e+00   ,-24.889  ,6  ,10
74767  ,2.282e+00   ,-24.889  ,6  ,9.2308
74768  ,2.387e+00   ,-25.667  ,6  ,10
74773  ,2.281e+00   ,-24.889  ,6  ,8.4615
74774  ,2.280e+00   ,-24.889  ,6  ,7.6923
74775  ,2.385e+00   ,-25.667  ,6  ,8.4615
74781  ,2.278e+00   ,-24.889  ,6  ,6.9231
74782  ,2.275e+00   ,-24.889  ,6  ,6.1538
74783  ,2.382e+00   ,-25.667  ,6  ,6.9231
74788  ,2.272e+00   ,-24.889  ,6  ,5.3846
74789  ,2.269e+00   ,-24.889  ,6  ,4.6154
74790  ,2.376e+00   ,-25.667  ,6  ,5.3846
74795  ,2.264e+00   ,-24.889  ,6  ,3.8462
74796  ,2.259e+00   ,-24.889  ,6  ,3.0769
74797  ,2.368e+00   ,-25.667  ,6  ,3.8462
74803  ,2.254e+00   ,-24.889  ,6  ,2.3077
74804  ,2.247e+00   ,-24.889  ,6  ,1.5385
74805  ,2.358e+00   ,-25.667  ,6  ,2.3077
74811  ,2.458e+00   ,-26.444  ,6  ,18.462
74816  ,2.464e+00   ,-26.444  ,6  ,17.692
74817  ,2.470e+00   ,-26.444  ,6  ,16.923
74818  ,2.572e+00   ,-27.222  ,6  ,17.692
74823  ,2.474e+00   ,-26.444  ,6  ,16.154
74824  ,2.479e+00   ,-26.444  ,6  ,15.385
74825  ,2.582e+00   ,-27.222  ,6  ,16.154
74832  ,2.482e+00   ,-26.444  ,6  ,14.615
74833  ,2.485e+00   ,-26.444  ,6  ,13.846
74834  ,2.590e+00   ,-27.222  ,6  ,14.615
74840  ,2.488e+00   ,-26.444  ,6  ,13.077
74841  ,2.490e+00   ,-26.444  ,6  ,12.308
74842  ,2.596e+00   ,-27.222  ,6  ,13.077
74849  ,2.491e+00   ,-26.444  ,6  ,11.538
74850  ,2.492e+00   ,-26.444  ,6  ,10.769
74851  ,2.599e+00   ,-27.222  ,6  ,11.538
74857  ,2.492e+00   ,-26.444  ,6  ,10
74858  ,2.492e+00   ,-26.444  ,6  ,9.2308
74859  ,2.600e+00   ,-27.222  ,6  ,10
74865  ,2.491e+00   ,-26.444  ,6  ,8.4615
74866  ,2.490e+00   ,-26.444  ,6  ,7.6923
74867  ,2.599e+00   ,-27.222  ,6  ,8.4615
74875  ,2.488e+00   ,-26.444  ,6  ,6.9231
74876  ,2.485e+00   ,-26.444  ,6  ,6.1538
74877  ,2.596e+00   ,-27.222  ,6  ,6.9231
74882  ,2.482e+00   ,-26.444  ,6  ,5.3846
74883  ,2.479e+00   ,-26.444  ,6  ,4.6154
74884  ,2.590e+00   ,-27.222  ,6  ,5.3846
74889  ,2.475e+00   ,-26.444  ,6  ,3.8462
74890  ,2.470e+00   ,-26.444  ,6  ,3.0769
74891  ,2.583e+00   ,-27.222  ,6  ,3.8462
74897  ,2.464e+00   ,-26.444  ,6  ,2.3077
74898  ,2.458e+00   ,-26.444  ,6  ,1.5385
74899  ,2.572e+00   ,-27.222  ,6  ,2.3077
74905  ,2.677e+00   ,-28  ,6  ,18.462
74910  ,2.683e+00   ,-28  ,6  ,17.692
74911  ,2.688e+00   ,-28  ,6  ,16.923
74912  ,2.795e+00   ,-28.778  ,6  ,17.692
74917  ,2.693e+00   ,-28  ,6  ,16.154
74918  ,2.697e+00   ,-28  ,6  ,15.385
74919  ,2.805e+00   ,-28.778  ,6  ,16.154
74928  ,2.700e+00   ,-28  ,6  ,14.615
74929  ,2.703e+00   ,-28  ,6  ,13.846
74930  ,2.812e+00   ,-28.778  ,6  ,14.615
74936  ,2.706e+00   ,-28  ,6  ,13.077
74937  ,2.708e+00   ,-28  ,6  ,12.308
74938  ,2.818e+00   ,-28.778  ,6  ,13.077
74943  ,2.709e+00   ,-28  ,6  ,11.538
74944  ,2.710e+00   ,-28  ,6  ,10.769
74945  ,2.821e+00   ,-28.778  ,6  ,11.538
74950  ,2.710e+00   ,-28  ,6  ,10
74951  ,2.710e+00   ,-28  ,6  ,9.2308
74952  ,2.822e+00   ,-28.778  ,6  ,10
74957  ,2.709e+00   ,-28  ,6  ,8.4615
74958  ,2.708e+00   ,-28  ,6  ,7.6923
74959  ,2.821e+00   ,-28.778  ,6  ,8.4615
74966  ,2.706e+00   ,-28  ,6  ,6.9231
74967  ,2.703e+00   ,-28  ,6  ,6.1538
74968  ,2.818e+00   ,-28.778  ,6  ,6.9231
74973  ,2.700e+00   ,-28  ,6  ,5.3846
74974  ,2.697e+00   ,-28  ,6  ,4.6154
74975  ,2.812e+00   ,-28.778  ,6  ,5.3846
74980  ,2.693e+00   ,-28  ,6  ,3.8462
74981  ,2.688e+00   ,-28  ,6  ,3.0769
74982  ,2.805e+00   ,-28.778  ,6  ,3.8462
74988  ,2.683e+00   ,-28  ,6  ,2.3077
74989  ,2.677e+00   ,-28  ,6  ,1.5385
74990  ,2.795e+00   ,-28.778  ,6  ,2.3077
74996  ,2.903e+00   ,-29.556  ,6  ,18.462
75001  ,2.909e+00   ,-29.556  ,6  ,17.692
75002  ,2.914e+00   ,-29.556  ,6  ,16.923
75003  ,3.024e+00   ,-30.333  ,6  ,17.692
75008  ,2.918e+00   ,-29.556  ,6  ,16.154
75009  ,2.922e+00   ,-29.556  ,6  ,15.385
75010  ,3.034e+00   ,-30.333  ,6  ,16.154
75016  ,2.926e+00   ,-29.556  ,6  ,14.615
75017  ,2.929e+00   ,-29.556  ,6  ,13.846
75018  ,3.042e+00   ,-30.333  ,6  ,14.615
75023  ,2.931e+00   ,-29.556  ,6  ,13.077
75024  ,2.933e+00   ,-29.556  ,6  ,12.308
75025  ,3.047e+00   ,-30.333  ,6  ,13.077
75031  ,2.934e+00   ,-29.556  ,6  ,11.538
75032  ,2.935e+00   ,-29.556  ,6  ,10.769
75033  ,3.050e+00   ,-30.333  ,6  ,11.538
75039  ,2.936e+00   ,-29.556  ,6  ,10
75040  ,2.935e+00   ,-29.556  ,6  ,9.2308
75041  ,3.051e+00   ,-30.333  ,6  ,10
75046  ,2.935e+00   ,-29.556  ,6  ,8.4615
75047  ,2.933e+00   ,-29.556  ,6  ,7.6923
75048  ,3.050e+00   ,-30.333  ,6  ,8.4615
75054  ,2.931e+00   ,-29.556  ,6  ,6.9231
75055  ,2.929e+00   ,-29.556  ,6  ,6.1538
75056  ,3.047e+00   ,-30.333  ,6  ,6.9231
75061  ,2.926e+00   ,-29.556  ,6  ,5.3846
75062  ,2.923e+00   ,-29.556  ,6  ,4.6154
75063  ,3.042e+00   ,-30.333  ,6  ,5.3846
75068  ,2.919e+00   ,-29.556  ,6  ,3.8462
75069  ,2.914e+00   ,-29.556  ,6  ,3.0769
75070  ,3.034e+00   ,-30.333  ,6  ,3.8462
75076  ,2.909e+00   ,-29.556  ,6  ,2.3077
75077  ,2.903e+00   ,-29.556  ,6  ,1.5385
75078  ,3.025e+00   ,-30.333  ,6  ,2.3077
75084  ,3.137e+00   ,-31.111  ,6  ,18.462
75089  ,3.142e+00   ,-31.111  ,6  ,17.692
75090  ,3.147e+00   ,-31.111  ,6  ,16.923
75091  ,3.262e+00   ,-31.889  ,6  ,17.692
75096  ,3.152e+00   ,-31.111  ,6  ,16.154
75097  ,3.156e+00   ,-31.111  ,6  ,15.385
75098  ,3.271e+00   ,-31.889  ,6  ,16.154
75104  ,3.159e+00   ,-31.111  ,6  ,14.615
75105  ,3.162e+00   ,-31.111  ,6  ,13.846
75106  ,3.278e+00   ,-31.889  ,6  ,14.615
75111  ,3.164e+00   ,-31.111  ,6  ,13.077
75112  ,3.166e+00   ,-31.111  ,6  ,12.308
75113  ,3.283e+00   ,-31.889  ,6  ,13.077
75119  ,3.167e+00   ,-31.111  ,6  ,11.538
75120  ,3.168e+00   ,-31.111  ,6  ,10.769
75121  ,3.286e+00   ,-31.889  ,6  ,11.538
75126  ,3.168e+00   ,-31.111  ,6  ,10
75127  ,3.168e+00   ,-31.111  ,6  ,9.2308
75128  ,3.287e+00   ,-31.889  ,6  ,10
75134  ,3.167e+00   ,-31.111  ,6  ,8.4615
75135  ,3.166e+00   ,-31.111  ,6  ,7.6923
75136  ,3.286e+00   ,-31.889  ,6  ,8.4615
75144  ,3.164e+00   ,-31.111  ,6  ,6.9231
75145  ,3.162e+00   ,-31.111  ,6  ,6.1538
75146  ,3.283e+00   ,-31.889  ,6  ,6.9231
75151  ,3.159e+00   ,-31.111  ,6  ,5.3846
75152  ,3.156e+00   ,-31.111  ,6  ,4.6154
75153  ,3.278e+00   ,-31.889  ,6  ,5.3846
75158  ,3.152e+00   ,-31.111  ,6  ,3.8462
75159  ,3.147e+00   ,-31.111  ,6  ,3.0769
75160  ,3.271e+00   ,-31.889  ,6  ,3.8462
75166  ,3.142e+00   ,-31.111  ,6  ,2.3077
75167  ,3.137e+00   ,-31.111  ,6  ,1.5385
75168  ,3.262e+00   ,-31.889  ,6  ,2.3077
75174  ,3.377e+00   ,-32.667  ,6  ,18.462
75179  ,3.383e+00   ,-32.667  ,6  ,17.692
75180  ,3.388e+00   ,-32.667  ,6  ,16.923
75181  ,3.506e+00   ,-33.444  ,6  ,17.692
75186  ,3.392e+00   ,-32.667  ,6  ,16.154
75187  ,3.396e+00   ,-32.667  ,6  ,15.385
75188  ,3.515e+00   ,-33.444  ,6  ,16.154
75195  ,3.399e+00   ,-32.667  ,6  ,14.615
75196  ,3.402e+00   ,-32.667  ,6  ,13.846
75197  ,3.522e+00   ,-33.444  ,6  ,14.615
75202  ,3.404e+00   ,-32.667  ,6  ,13.077
75203  ,3.406e+00   ,-32.667  ,6  ,12.308
75204  ,3.527e+00   ,-33.444  ,6  ,13.077
75211  ,3.407e+00   ,-32.667  ,6  ,11.538
75212  ,3.408e+00   ,-32.667  ,6  ,10.769
75213  ,3.530e+00   ,-33.444  ,6  ,11.538
75219  ,3.408e+00   ,-32.667  ,6  ,10
75220  ,3.408e+00   ,-32.667  ,6  ,9.2308
75221  ,3.531e+00   ,-33.444  ,6  ,10
75227  ,3.407e+00   ,-32.667  ,6  ,8.4615
75228  ,3.406e+00   ,-32.667  ,6  ,7.6923
75229  ,3.530e+00   ,-33.444  ,6  ,8.4615
75235  ,3.404e+00   ,-32.667  ,6  ,6.9231
75236  ,3.402e+00   ,-32.667  ,6  ,6.1538
75237  ,3.527e+00   ,-33.444  ,6  ,6.9231
75242  ,3.399e+00   ,-32.667  ,6  ,5.3846
75243  ,3.396e+00   ,-32.667  ,6  ,4.6154
75244  ,3.522e+00   ,-33.444  ,6  ,5.3846
75249  ,3.392e+00   ,-32.667  ,6  ,3.8462
75250  ,3.388e+00   ,-32.667  ,6  ,3.0769
75251  ,3.515e+00   ,-33.444  ,6  ,3.8462
75257  ,3.383e+00   ,-32.667  ,6  ,2.3077
75258  ,3.378e+00   ,-32.667  ,6  ,1.5385
75259  ,3.506e+00   ,-33.444  ,6  ,2.3077
75263  ,3.879e+00   ,-35.778  ,6  ,18.462
75264  ,3.884e+00   ,-35.778  ,6  ,17.692
75265  ,3.625e+00   ,-34.222  ,6  ,18.462
75270  ,3.889e+00   ,-35.778  ,6  ,16.923
75271  ,3.893e+00   ,-35.778  ,6  ,16.154
75272  ,3.630e+00   ,-34.222  ,6  ,17.692
75273  ,3.635e+00   ,-34.222  ,6  ,16.923
75274  ,3.756e+00   ,-35  ,6  ,17.692
75279  ,3.896e+00   ,-35.778  ,6  ,15.385
75280  ,3.899e+00   ,-35.778  ,6  ,14.615
75281  ,3.639e+00   ,-34.222  ,6  ,16.154
75282  ,3.643e+00   ,-34.222  ,6  ,15.385
75283  ,3.765e+00   ,-35  ,6  ,16.154
75290  ,3.902e+00   ,-35.778  ,6  ,13.846
75291  ,3.904e+00   ,-35.778  ,6  ,13.077
75292  ,3.646e+00   ,-34.222  ,6  ,14.615
75293  ,3.649e+00   ,-34.222  ,6  ,13.846
75294  ,3.772e+00   ,-35  ,6  ,14.615
75300  ,3.906e+00   ,-35.778  ,6  ,12.308
75301  ,3.907e+00   ,-35.778  ,6  ,11.538
75302  ,3.651e+00   ,-34.222  ,6  ,13.077
75303  ,3.652e+00   ,-34.222  ,6  ,12.308
75304  ,3.777e+00   ,-35  ,6  ,13.077
75310  ,3.908e+00   ,-35.778  ,6  ,10.769
75311  ,3.908e+00   ,-35.778  ,6  ,10
75312  ,3.654e+00   ,-34.222  ,6  ,11.538
75313  ,3.654e+00   ,-34.222  ,6  ,10.769
75314  ,3.779e+00   ,-35  ,6  ,11.538
75319  ,3.908e+00   ,-35.778  ,6  ,9.2308
75320  ,3.907e+00   ,-35.778  ,6  ,8.4615
75321  ,3.655e+00   ,-34.222  ,6  ,10
75322  ,3.654e+00   ,-34.222  ,6  ,9.2308
75323  ,3.780e+00   ,-35  ,6  ,10
75330  ,3.906e+00   ,-35.778  ,6  ,7.6923
75331  ,3.904e+00   ,-35.778  ,6  ,6.9231
75332  ,3.654e+00   ,-34.222  ,6  ,8.4615
75333  ,3.653e+00   ,-34.222  ,6  ,7.6923
75334  ,3.779e+00   ,-35  ,6  ,8.4615
75339  ,3.902e+00   ,-35.778  ,6  ,6.1538
75340  ,3.900e+00   ,-35.778  ,6  ,5.3846
75341  ,3.651e+00   ,-34.222  ,6  ,6.9231
75342  ,3.649e+00   ,-34.222  ,6  ,6.1538
75343  ,3.777e+00   ,-35  ,6  ,6.9231
75348  ,3.896e+00   ,-35.778  ,6  ,4.6154
75349  ,3.893e+00   ,-35.778  ,6  ,3.8462
75350  ,3.646e+00   ,-34.222  ,6  ,5.3846
75351  ,3.643e+00   ,-34.222  ,6  ,4.6154
75352  ,3.772e+00   ,-35  ,6  ,5.3846
75357  ,3.889e+00   ,-35.778  ,6  ,3.0769
75358  ,3.885e+00   ,-35.778  ,6  ,2.3077
75359  ,3.639e+00   ,-34.222  ,6  ,3.8462
75360  ,3.635e+00   ,-34.222  ,6  ,3.0769
75361  ,3.765e+00   ,-35  ,6  ,3.8462
75367  ,3.879e+00   ,-35.778  ,6  ,1.5385
75368  ,3.630e+00   ,-34.222  ,6  ,2.3077
75369  ,3.625e+00   ,-34.222  ,6  ,1.5385
75370  ,3.757e+00   ,-35  ,6  ,2.3077
75374  ,2.279e-01   ,-1.9444  ,6  ,19.231
75378  ,2.603e-01   ,-2.7222  ,6  ,19.231
75379  ,2.946e-01   ,-3.5  ,6  ,19.231
75380  ,2.447e-01   ,-2.3333  ,6  ,20
75384  ,3.310e-01   ,-4.2778  ,6  ,19.231
75385  ,3.700e-01   ,-5.0556  ,6  ,19.231
75386  ,3.105e-01   ,-3.8889  ,6  ,20
75390  ,4.116e-01   ,-5.8333  ,6  ,19.231
75391  ,4.559e-01   ,-6.6111  ,6  ,19.231
75392  ,3.865e-01   ,-5.4444  ,6  ,20
75396  ,5.029e-01   ,-7.3889  ,6  ,19.231
75397  ,5.527e-01   ,-8.1667  ,6  ,19.231
75398  ,4.738e-01   ,-7  ,6  ,20
75402  ,6.052e-01   ,-8.9444  ,6  ,19.231
75403  ,6.604e-01   ,-9.7222  ,6  ,19.231
75404  ,5.723e-01   ,-8.5556  ,6  ,20
75408  ,7.183e-01   ,-10.5  ,6  ,19.231
75409  ,7.789e-01   ,-11.278  ,6  ,19.231
75410  ,6.820e-01   ,-10.111  ,6  ,20
75414  ,8.421e-01   ,-12.056  ,6  ,19.231
75415  ,9.080e-01   ,-12.833  ,6  ,19.231
75416  ,8.027e-01   ,-11.667  ,6  ,20
75420  ,9.765e-01   ,-13.611  ,6  ,19.231
75421  ,1.047e+00   ,-14.389  ,6  ,19.231
75422  ,9.341e-01   ,-13.222  ,6  ,20
75426  ,1.121e+00   ,-15.167  ,6  ,19.231
75427  ,1.197e+00   ,-15.944  ,6  ,19.231
75428  ,1.076e+00   ,-14.778  ,6  ,20
75432  ,1.276e+00   ,-16.722  ,6  ,19.231
75433  ,1.357e+00   ,-17.5  ,6  ,19.231
75434  ,1.228e+00   ,-16.333  ,6  ,20
75438  ,1.440e+00   ,-18.278  ,6  ,19.231
75439  ,1.526e+00   ,-19.056  ,6  ,19.231
75440  ,1.390e+00   ,-17.889  ,6  ,20
75444  ,1.614e+00   ,-19.833  ,6  ,19.231
75445  ,1.704e+00   ,-20.611  ,6  ,19.231
75446  ,1.561e+00   ,-19.444  ,6  ,20
75450  ,1.797e+00   ,-21.389  ,6  ,19.231
75451  ,1.891e+00   ,-22.167  ,6  ,19.231
75452  ,1.742e+00   ,-21  ,6  ,20
75456  ,1.988e+00   ,-22.944  ,6  ,19.231
75457  ,2.088e+00   ,-23.722  ,6  ,19.231
75458  ,1.932e+00   ,-22.556  ,6  ,20
75462  ,2.189e+00   ,-24.5  ,6  ,19.231
75463  ,2.292e+00   ,-25.278  ,6  ,19.231
75464  ,2.130e+00   ,-24.111  ,6  ,20
75468  ,2.398e+00   ,-26.056  ,6  ,19.231
75469  ,2.505e+00   ,-26.833  ,6  ,19.231
75470  ,2.337e+00   ,-25.667  ,6  ,20
75474  ,2.615e+00   ,-27.611  ,6  ,19.231
75475  ,2.726e+00   ,-28.389  ,6  ,19.231
75476  ,2.552e+00   ,-27.222  ,6  ,20
75480  ,2.839e+00   ,-29.167  ,6  ,19.231
75481  ,2.954e+00   ,-29.944  ,6  ,19.231
75482  ,2.775e+00   ,-28.778  ,6  ,20
75486  ,3.071e+00   ,-30.722  ,6  ,19.231
75487  ,3.190e+00   ,-31.5  ,6  ,19.231
75488  ,3.006e+00   ,-30.333  ,6  ,20
75492  ,3.310e+00   ,-32.278  ,6  ,19.231
75493  ,3.433e+00   ,-33.056  ,6  ,19.231
75494  ,3.243e+00   ,-31.889  ,6  ,20
75499  ,3.557e+00   ,-33.833  ,6  ,19.231
75500  ,3.682e+00   ,-34.611  ,6  ,19.231
75501  ,3.488e+00   ,-33.444  ,6  ,20
75504  ,3.938e+00   ,-36.167  ,6  ,19.231
75505  ,3.809e+00   ,-35.389  ,6  ,19.231
75506  ,3.739e+00   ,-35  ,6  ,20
75509  ,4.200e+00   ,-37.722  ,6  ,19.231
75510  ,4.069e+00   ,-36.944  ,6  ,19.231
75511  ,3.997e+00   ,-36.556  ,6  ,20
75514  ,4.469e+00   ,-39.278  ,6  ,19.231
75515  ,4.334e+00   ,-38.5  ,6  ,19.231
75516  ,4.261e+00   ,-38.111  ,6  ,20
75519  ,4.742e+00   ,-40.833  ,6  ,19.231
75520  ,4.605e+00   ,-40.056  ,6  ,19.231
75521  ,4.531e+00   ,-39.667  ,6  ,20
75524  ,5.022e+00   ,-42.389  ,6  ,19.231
75525  ,4.881e+00   ,-41.611  ,6  ,19.231
75526  ,4.806e+00   ,-41.222  ,6  ,20
75529  ,5.306e+00   ,-43.944  ,6  ,19.231
75530  ,5.163e+00   ,-43.167  ,6  ,19.231
75531  ,5.087e+00   ,-42.778  ,6  ,20
75534  ,5.595e+00   ,-45.5  ,6  ,19.231
75535  ,5.450e+00   ,-44.722  ,6  ,19.231
75536  ,5.373e+00   ,-44.333  ,6  ,20
75540  ,5.888e+00   ,-47.056  ,6  ,19.231
75541  ,5.741e+00   ,-46.278  ,6  ,19.231
75542  ,5.663e+00   ,-45.889  ,6  ,20
75546  ,6.186e+00   ,-48.611  ,6  ,19.231
75547  ,6.037e+00   ,-47.833  ,6  ,19.231
75548  ,5.958e+00   ,-47.444  ,6  ,20
75551  ,6.488e+00   ,-50.167  ,6  ,19.231
75552  ,6.337e+00   ,-49.389  ,6  ,19.231
75553  ,6.257e+00   ,-49  ,6  ,20
75556  ,6.793e+00   ,-51.722  ,6  ,19.231
75557  ,6.640e+00   ,-50.944  ,6  ,19.231
75558  ,6.560e+00   ,-50.556  ,6  ,20
75561  ,7.102e+00   ,-53.278  ,6  ,19.231
75562  ,6.947e+00   ,-52.5  ,6  ,19.231
75563  ,6.867e+00   ,-52.111  ,6  ,20
75566  ,7.414e+00   ,-54.833  ,6  ,19.231
75567  ,7.258e+00   ,-54.056  ,6  ,19.231
75568  ,7.177e+00   ,-53.667  ,6  ,20
75571  ,7.729e+00   ,-56.389  ,6  ,19.231
75572  ,7.571e+00   ,-55.611  ,6  ,19.231
75573  ,7.489e+00   ,-55.222  ,6  ,20
75576  ,8.046e+00   ,-57.944  ,6  ,19.231
75577  ,7.887e+00   ,-57.167  ,6  ,19.231
75578  ,7.805e+00   ,-56.778  ,6  ,20
75581  ,8.365e+00   ,-59.5  ,6  ,19.231
75582  ,8.205e+00   ,-58.722  ,6  ,19.231
75583  ,8.123e+00   ,-58.333  ,6  ,20
75585  ,8.687e+00   ,-61.056  ,6  ,19.231
75586  ,8.526e+00   ,-60.278  ,6  ,19.231
75587  ,8.443e+00   ,-59.889  ,6  ,20
75590  ,9.010e+00   ,-62.611  ,6  ,19.231
75591  ,8.848e+00   ,-61.833  ,6  ,19.231
75592  ,8.765e+00   ,-61.444  ,6  ,20
75595  ,9.335e+00   ,-64.167  ,6  ,19.231
75596  ,9.172e+00   ,-63.389  ,6  ,19.231
75597  ,9.089e+00   ,-63  ,6  ,20
75600  ,9.662e+00   ,-65.722  ,6  ,19.231
75601  ,9.498e+00   ,-64.944  ,6  ,19.231
75602  ,9.414e+00   ,-64.556  ,6  ,20
75606  ,9.993e+00   ,-67.278  ,6  ,19.231
75607  ,9.827e+00   ,-66.5  ,6  ,19.231
75608  ,9.742e+00   ,-66.111  ,6  ,20
75613  ,1.016e+01   ,-68.056  ,6  ,19.231
75614  ,1.008e+01   ,-67.667  ,6  ,20
75618  ,1.044e+01   ,-69.222  ,6  ,20
75622  ,1.034e+01   ,-68.833  ,6  ,18.462
75623  ,1.034e+01   ,-68.833  ,6  ,17.692
75624  ,1.044e+01   ,-69.222  ,6  ,19.231
75625  ,1.065e+01   ,-70  ,6  ,19.231
75630  ,1.034e+01   ,-68.833  ,6  ,16.923
75631  ,1.034e+01   ,-68.833  ,6  ,16.154
75632  ,1.064e+01   ,-70  ,6  ,17.692
75637  ,1.034e+01   ,-68.833  ,6  ,15.385
75638  ,1.034e+01   ,-68.833  ,6  ,14.615
75639  ,1.063e+01   ,-70  ,6  ,16.154
75644  ,1.034e+01   ,-68.833  ,6  ,13.846
75645  ,1.034e+01   ,-68.833  ,6  ,13.077
75646  ,1.063e+01   ,-70  ,6  ,14.615
75651  ,1.034e+01   ,-68.833  ,6  ,12.308
75652  ,1.034e+01   ,-68.833  ,6  ,11.538
75653  ,1.063e+01   ,-70  ,6  ,13.077
75658  ,1.034e+01   ,-68.833  ,6  ,10.769
75659  ,1.034e+01   ,-68.833  ,6  ,10
75660  ,1.064e+01   ,-70  ,6  ,11.538
75665  ,1.034e+01   ,-68.833  ,6  ,9.2308
75666  ,1.034e+01   ,-68.833  ,6  ,8.4615
75667  ,1.064e+01   ,-70  ,6  ,10
75671  ,1.034e+01   ,-68.833  ,6  ,7.6923
75672  ,1.034e+01   ,-68.833  ,6  ,6.9231
75673  ,1.064e+01   ,-70  ,6  ,8.4615
75678  ,1.034e+01   ,-68.833  ,6  ,6.1538
75679  ,1.034e+01   ,-68.833  ,6  ,5.3846
75680  ,1.064e+01   ,-70  ,6  ,6.9231
75685  ,1.034e+01   ,-68.833  ,6  ,4.6154
75686  ,1.034e+01   ,-68.833  ,6  ,3.8462
75687  ,1.064e+01   ,-70  ,6  ,5.3846
75692  ,1.034e+01   ,-68.833  ,6  ,3.0769
75693  ,1.034e+01   ,-68.833  ,6  ,2.3077
75694  ,1.063e+01   ,-70  ,6  ,3.8462
75699  ,1.034e+01   ,-68.833  ,6  ,1.5385
75700  ,1.064e+01   ,-70  ,6  ,2.3077
75704  ,1.065e+01   ,-70  ,6  ,0.76923
75708  ,1.016e+01   ,-68.056  ,6  ,0.76923
75709  ,1.043e+01   ,-69.222  ,6  ,0.76923
75710  ,1.044e+01   ,-69.222  ,6  ,0
75713  ,9.994e+00   ,-67.278  ,6  ,0.76923
75714  ,9.827e+00   ,-66.5  ,6  ,0.76923
75715  ,1.008e+01   ,-67.667  ,6  ,0
75718  ,9.662e+00   ,-65.722  ,6  ,0.76923
75719  ,9.498e+00   ,-64.944  ,6  ,0.76923
75720  ,9.742e+00   ,-66.111  ,6  ,0
75723  ,9.335e+00   ,-64.167  ,6  ,0.76923
75724  ,9.172e+00   ,-63.389  ,6  ,0.76923
75725  ,9.414e+00   ,-64.556  ,6  ,0
75728  ,9.010e+00   ,-62.611  ,6  ,0.76923
75729  ,8.848e+00   ,-61.833  ,6  ,0.76923
75730  ,9.089e+00   ,-63  ,6  ,0
75732  ,8.687e+00   ,-61.056  ,6  ,0.76923
75733  ,8.526e+00   ,-60.278  ,6  ,0.76923
75734  ,8.765e+00   ,-61.444  ,6  ,0
75737  ,8.366e+00   ,-59.5  ,6  ,0.76923
75738  ,8.206e+00   ,-58.722  ,6  ,0.76923
75739  ,8.443e+00   ,-59.889  ,6  ,0
75742  ,8.046e+00   ,-57.944  ,6  ,0.76923
75743  ,7.887e+00   ,-57.167  ,6  ,0.76923
75744  ,8.123e+00   ,-58.333  ,6  ,0
75747  ,7.729e+00   ,-56.389  ,6  ,0.76923
75748  ,7.571e+00   ,-55.611  ,6  ,0.76923
75749  ,7.805e+00   ,-56.778  ,6  ,0
75752  ,7.414e+00   ,-54.833  ,6  ,0.76923
75753  ,7.258e+00   ,-54.056  ,6  ,0.76923
75754  ,7.490e+00   ,-55.222  ,6  ,0
75758  ,7.102e+00   ,-53.278  ,6  ,0.76923
75759  ,6.948e+00   ,-52.5  ,6  ,0.76923
75760  ,7.177e+00   ,-53.667  ,6  ,0
75763  ,6.794e+00   ,-51.722  ,6  ,0.76923
75764  ,6.641e+00   ,-50.944  ,6  ,0.76923
75765  ,6.867e+00   ,-52.111  ,6  ,0
75768  ,6.488e+00   ,-50.167  ,6  ,0.76923
75769  ,6.337e+00   ,-49.389  ,6  ,0.76923
75770  ,6.561e+00   ,-50.556  ,6  ,0
75773  ,6.187e+00   ,-48.611  ,6  ,0.76923
75774  ,6.037e+00   ,-47.833  ,6  ,0.76923
75775  ,6.258e+00   ,-49  ,6  ,0
75778  ,5.889e+00   ,-47.056  ,6  ,0.76923
75779  ,5.741e+00   ,-46.278  ,6  ,0.76923
75780  ,5.959e+00   ,-47.444  ,6  ,0
75783  ,5.595e+00   ,-45.5  ,6  ,0.76923
75784  ,5.450e+00   ,-44.722  ,6  ,0.76923
75785  ,5.664e+00   ,-45.889  ,6  ,0
75788  ,5.306e+00   ,-43.944  ,6  ,0.76923
75789  ,5.163e+00   ,-43.167  ,6  ,0.76923
75790  ,5.373e+00   ,-44.333  ,6  ,0
75793  ,5.022e+00   ,-42.389  ,6  ,0.76923
75794  ,4.882e+00   ,-41.611  ,6  ,0.76923
75795  ,5.087e+00   ,-42.778  ,6  ,0
75798  ,4.743e+00   ,-40.833  ,6  ,0.76923
75799  ,4.605e+00   ,-40.056  ,6  ,0.76923
75800  ,4.807e+00   ,-41.222  ,6  ,0
75803  ,4.469e+00   ,-39.278  ,6  ,0.76923
75804  ,4.334e+00   ,-38.5  ,6  ,0.76923
75805  ,4.531e+00   ,-39.667  ,6  ,0
75808  ,4.201e+00   ,-37.722  ,6  ,0.76923
75809  ,4.069e+00   ,-36.944  ,6  ,0.76923
75810  ,4.261e+00   ,-38.111  ,6  ,0
75813  ,3.939e+00   ,-36.167  ,6  ,0.76923
75814  ,3.810e+00   ,-35.389  ,6  ,0.76923
75815  ,3.997e+00   ,-36.556  ,6  ,0
75819  ,3.557e+00   ,-33.833  ,6  ,0.76923
75820  ,3.682e+00   ,-34.611  ,6  ,0.76923
75821  ,3.740e+00   ,-35  ,6  ,0
75825  ,3.311e+00   ,-32.278  ,6  ,0.76923
75826  ,3.433e+00   ,-33.056  ,6  ,0.76923
75827  ,3.488e+00   ,-33.444  ,6  ,0
75831  ,3.071e+00   ,-30.722  ,6  ,0.76923
75832  ,3.190e+00   ,-31.5  ,6  ,0.76923
75833  ,3.243e+00   ,-31.889  ,6  ,0
75837  ,2.839e+00   ,-29.167  ,6  ,0.76923
75838  ,2.954e+00   ,-29.944  ,6  ,0.76923
75839  ,3.006e+00   ,-30.333  ,6  ,0
75843  ,2.615e+00   ,-27.611  ,6  ,0.76923
75844  ,2.726e+00   ,-28.389  ,6  ,0.76923
75845  ,2.775e+00   ,-28.778  ,6  ,0
75849  ,2.398e+00   ,-26.056  ,6  ,0.76923
75850  ,2.505e+00   ,-26.833  ,6  ,0.76923
75851  ,2.552e+00   ,-27.222  ,6  ,0
75855  ,2.189e+00   ,-24.5  ,6  ,0.76923
75856  ,2.293e+00   ,-25.278  ,6  ,0.76923
75857  ,2.337e+00   ,-25.667  ,6  ,0
75861  ,1.989e+00   ,-22.944  ,6  ,0.76923
75862  ,2.088e+00   ,-23.722  ,6  ,0.76923
75863  ,2.131e+00   ,-24.111  ,6  ,0
75867  ,1.797e+00   ,-21.389  ,6  ,0.76923
75868  ,1.892e+00   ,-22.167  ,6  ,0.76923
75869  ,1.932e+00   ,-22.556  ,6  ,0
75873  ,1.614e+00   ,-19.833  ,6  ,0.76923
75874  ,1.704e+00   ,-20.611  ,6  ,0.76923
75875  ,1.742e+00   ,-21  ,6  ,0
75879  ,1.440e+00   ,-18.278  ,6  ,0.76923
75880  ,1.526e+00   ,-19.056  ,6  ,0.76923
75881  ,1.562e+00   ,-19.444  ,6  ,0
75885  ,1.276e+00   ,-16.722  ,6  ,0.76923
75886  ,1.357e+00   ,-17.5  ,6  ,0.76923
75887  ,1.390e+00   ,-17.889  ,6  ,0
75891  ,1.121e+00   ,-15.167  ,6  ,0.76923
75892  ,1.197e+00   ,-15.944  ,6  ,0.76923
75893  ,1.228e+00   ,-16.333  ,6  ,0
75897  ,9.766e-01   ,-13.611  ,6  ,0.76923
75898  ,1.048e+00   ,-14.389  ,6  ,0.76923
75899  ,1.076e+00   ,-14.778  ,6  ,0
75903  ,8.422e-01   ,-12.056  ,6  ,0.76923
75904  ,9.081e-01   ,-12.833  ,6  ,0.76923
75905  ,9.342e-01   ,-13.222  ,6  ,0
75909  ,7.183e-01   ,-10.5  ,6  ,0.76923
75910  ,7.789e-01   ,-11.278  ,6  ,0.76923
75911  ,8.028e-01   ,-11.667  ,6  ,0
75915  ,6.052e-01   ,-8.9444  ,6  ,0.76923
75916  ,6.604e-01   ,-9.7222  ,6  ,0.76923
75917  ,6.820e-01   ,-10.111  ,6  ,0
75921  ,5.029e-01   ,-7.3889  ,6  ,0.76923
75922  ,5.527e-01   ,-8.1667  ,6  ,0.76923
75923  ,5.723e-01   ,-8.5556  ,6  ,0
75927  ,4.116e-01   ,-5.8333  ,6  ,0.76923
75928  ,4.559e-01   ,-6.6111  ,6  ,0.76923
75929  ,4.737e-01   ,-7  ,6  ,0
75933  ,3.309e-01   ,-4.2778  ,6  ,0.76923
75934  ,3.699e-01   ,-5.0556  ,6  ,0.76923
75935  ,3.865e-01   ,-5.4444  ,6  ,0
75939  ,2.602e-01   ,-2.7222  ,6  ,0.76923
75940  ,2.945e-01   ,-3.5  ,6  ,0.76923
75941  ,3.104e-01   ,-3.8889  ,6  ,0
75945  ,2.277e-01   ,-1.9444  ,6  ,0.76923
75946  ,2.446e-01   ,-2.3333  ,6  ,0
76932  ,1.834e-01   ,-0.77778  ,6  ,20
76940  ,1.911e-01   ,-1.1667  ,6  ,18.462
76941  ,1.903e-01   ,-1.1667  ,6  ,17.692
76942  ,1.767e-01   ,-0.77778  ,6  ,19.231
76945  ,1.349e-01   ,2.8098E-16  ,6  ,19.231
76955  ,1.884e-01   ,-1.1667  ,6  ,16.923
76956  ,1.904e-01   ,-1.1667  ,6  ,16.154
76959  ,1.260e-01   ,2.8098E-16  ,6  ,17.692
76967  ,1.890e-01   ,-1.1667  ,6  ,15.385
76968  ,1.908e-01   ,-1.1667  ,6  ,14.615
76971  ,1.225e-01   ,2.8098E-16  ,6  ,16.154
76981  ,1.902e-01   ,-1.1667  ,6  ,13.846
76982  ,1.917e-01   ,-1.1667  ,6  ,13.077
76985  ,1.216e-01   ,2.8098E-16  ,6  ,14.615
76995  ,1.910e-01   ,-1.1667  ,6  ,12.308
76996  ,1.929e-01   ,-1.1667  ,6  ,11.538
76999  ,1.215e-01   ,2.8098E-16  ,6  ,13.077
77009  ,1.911e-01   ,-1.1667  ,6  ,10.769
77010  ,1.924e-01   ,-1.1667  ,6  ,10
77013  ,1.210e-01   ,2.8098E-16  ,6  ,11.538
77022  ,1.910e-01   ,-1.1667  ,6  ,9.2308
77023  ,1.919e-01   ,-1.1667  ,6  ,8.4615
77026  ,1.210e-01   ,2.8098E-16  ,6  ,10
77034  ,1.891e-01   ,-1.1667  ,6  ,7.6923
77035  ,1.900e-01   ,-1.1667  ,6  ,6.9231
77038  ,1.213e-01   ,2.8098E-16  ,6  ,8.4615
77047  ,1.880e-01   ,-1.1667  ,6  ,6.1538
77048  ,1.902e-01   ,-1.1667  ,6  ,5.3846
77051  ,1.217e-01   ,2.8098E-16  ,6  ,6.9231
77060  ,1.885e-01   ,-1.1667  ,6  ,4.6154
77061  ,1.896e-01   ,-1.1667  ,6  ,3.8462
77064  ,1.217e-01   ,2.8098E-16  ,6  ,5.3846
77074  ,1.884e-01   ,-1.1667  ,6  ,3.0769
77075  ,1.904e-01   ,-1.1667  ,6  ,2.3077
77078  ,1.232e-01   ,2.8098E-16  ,6  ,3.8462
77086  ,1.921e-01   ,-1.1667  ,6  ,1.5385
77087  ,1.766e-01   ,-0.77778  ,6  ,0.76923
77089  ,1.260e-01   ,2.8098E-16  ,6  ,2.3077
77095  ,1.827e-01   ,-0.77778  ,6  ,0
77096  ,1.350e-01   ,2.8098E-16  ,6  ,0.76923
